"Retail trade sales by province and territory (x 1,000)" c 1 2 3 4 5
"Monthly"
"Table: 20-10-0008-01 (formerly CANSIM 080-0020)"
"Geography: Canada, Province or territory, Census metropolitan area, Census metropolitan area part"

"","Canada","Newfoundland and Labrador","Prince Edward Island","Nova Scotia","New Brunswick","Quebec","Ontario","Manitoba","Saskatchewan","Alberta","British Columbia","Yukon","Northwest Territories","Nunavut"
"","Retail trade  [44-45]","Retail trade  [44-45]","Retail trade  [44-45]","Retail trade  [44-45]","Retail trade  [44-45]","Retail trade  [44-45]","Retail trade  [44-45]","Retail trade  [44-45]","Retail trade  [44-45]","Retail trade  [44-45]","Retail trade  [44-45]","Retail trade  [44-45]","Retail trade  [44-45]","Retail trade  [44-45]"
"Reference period","Unadjusted","Unadjusted","Unadjusted","Unadjusted","Unadjusted","Unadjusted","Unadjusted","Unadjusted","Unadjusted","Unadjusted","Unadjusted","Unadjusted","Unadjusted","Unadjusted"
"","Dollars",,,,,,,,,,,,,
"May 1991","17,225,734","322,427","69,190","563,742","443,284","4,391,319","6,438,414","575,199","479,351","1,655,045","2,241,097","16,923","29,740",".."
"June 1991","16,342,833","301,447","69,959","525,599","428,576","4,004,807","6,192,334","544,035","468,012","1,629,610","2,129,872","17,155","31,427",".."
"July 1991","15,996,243","302,461","73,047","525,585","417,585","3,925,871","5,975,977","520,922","450,813","1,562,336","2,192,696","17,930","31,019",".."
"August 1991","16,064,910","314,501","72,708","546,106","421,101","3,929,548","5,923,311","546,196","467,290","1,592,641","2,203,975","17,611","29,921",".."
"September 1991","15,015,317","276,306","60,832","485,807","373,827","3,620,490","5,652,752","506,433","433,774","1,515,932","2,047,320","15,382","26,460",".."
"October 1991","15,606,864","285,368","62,117","498,198","392,861","3,821,082","5,878,191","523,313","457,580","1,542,426","2,102,247","15,096","28,385",".."
"November 1991","16,237,366","317,937","65,940","536,364","419,661","3,840,819","6,219,496","550,728","485,866","1,598,009","2,157,220","14,834","30,493",".."
"December 1991","18,381,340","361,047","75,921","605,833","463,022","4,194,372","7,043,772","628,559","533,421","1,858,113","2,566,051","16,527","34,701",".."
"January 1992","13,084,963","236,584","51,773","449,326","335,201","3,009,087","4,983,580","438,774","396,956","1,349,351","1,795,633","13,428","25,269",".."
"February 1992","12,773,972","239,190","49,109","409,130","327,510","2,979,444","4,868,537","429,694","370,416","1,287,162","1,774,446","12,931","26,404",".."
"March 1992","14,198,775","257,252","54,050","478,270","366,781","3,401,164","5,256,488","468,208","415,113","1,462,274","1,995,394","14,869","28,912",".."
"April 1992","15,558,390","274,591","61,877","525,852","398,147","3,912,043","5,786,122","500,612","449,849","1,539,472","2,063,409","15,541","30,875",".."
"May 1992","16,776,396","294,174","69,020","564,839","430,917","4,220,149","6,273,546","568,481","477,969","1,636,293","2,191,626","16,919","32,464",".."
"June 1992","16,716,231","297,787","73,629","575,028","436,103","4,081,365","6,295,672","544,610","475,989","1,662,246","2,218,848","19,530","35,425",".."
"July 1992","16,637,483","306,381","80,401","571,939","439,995","3,966,889","6,249,384","552,105","465,342","1,635,014","2,312,238","20,505","37,290",".."
"August 1992","15,842,075","295,146","75,855","544,399","426,321","3,722,677","5,878,184","530,164","451,021","1,618,470","2,245,589","20,245","34,003",".."
"September 1992","15,812,400","285,747","68,548","515,449","424,090","3,716,954","5,971,772","516,683","433,232","1,584,527","2,246,545","17,520","31,335",".."
"October 1992","16,562,268","296,477","69,422","557,835","430,819","3,978,121","6,226,551","550,573","469,193","1,644,186","2,288,477","17,330","33,285",".."
"November 1992","16,015,869","302,827","68,352","539,284","420,808","3,664,411","6,127,434","540,591","458,919","1,604,004","2,240,519","17,279","31,440",".."
"December 1992","19,682,921","368,820","82,346","657,617","503,874","4,349,736","7,572,424","686,696","572,823","2,010,812","2,821,660","19,018","37,095",".."
"January 1993","13,672,727","231,094","53,273","447,305","344,144","3,146,167","5,170,128","462,952","408,386","1,424,910","1,944,662","13,394","26,312",".."
"February 1993","12,900,733","216,140","53,427","419,252","324,981","2,987,205","4,817,302","432,058","377,983","1,315,946","1,917,046","13,713","25,682",".."
"March 1993","15,211,859","255,326","57,401","488,539","383,267","3,565,589","5,699,183","503,009","446,414","1,517,378","2,250,922","15,030","29,800",".."
"April 1993","16,642,246","282,398","65,633","560,993","443,681","4,122,655","6,183,641","550,433","471,104","1,673,541","2,239,147","16,318","32,702",".."
"May 1993","17,442,405","287,301","72,001","588,255","445,204","4,302,185","6,513,094","576,277","494,535","1,722,407","2,388,947","18,626","33,574",".."
"June 1993","17,444,074","297,344","77,267","598,802","456,755","4,205,720","6,470,110","570,271","498,433","1,750,379","2,462,570","20,767","35,656",".."
"July 1993","17,610,326","313,278","86,073","609,949","474,735","4,249,334","6,444,590","587,094","506,739","1,751,254","2,528,618","21,982","36,680",".."
"August 1993","16,645,660","297,969","79,492","576,525","445,831","3,946,440","6,100,538","549,306","482,118","1,679,495","2,434,560","19,131","34,256",".."
"September 1993","16,790,330","284,453","71,409","573,112","435,053","3,981,942","6,270,518","555,605","476,621","1,662,559","2,426,787","17,741","34,530",".."
"October 1993","16,921,755","292,258","70,920","565,582","444,810","4,023,227","6,293,099","576,176","494,688","1,694,112","2,416,616","17,100","33,166",".."
"November 1993","17,124,609","301,058","73,069","582,283","449,441","3,959,135","6,468,085","575,112","506,642","1,752,785","2,405,761","17,747","33,488",".."
"December 1993","20,928,208","371,961","86,019","693,045","521,726","4,602,886","8,036,352","701,127","631,269","2,175,632","3,047,836","19,479","40,876",".."
"January 1994","14,005,058","224,421","57,171","462,532","345,820","3,262,854","5,183,044","462,430","425,027","1,462,677","2,075,380","14,264","29,440",".."
"February 1994","13,799,079","218,453","53,020","439,764","350,835","3,225,945","5,119,848","463,317","402,574","1,430,655","2,052,566","13,541","28,562",".."
"March 1994","16,865,149","271,682","64,420","544,700","406,467","3,988,738","6,252,135","553,146","488,038","1,776,402","2,469,209","15,892","34,320",".."
"April 1994","17,494,589","285,652","67,369","564,684","419,979","4,301,643","6,412,834","562,972","520,496","1,833,669","2,474,176","16,739","34,375",".."
"May 1994","18,739,509","300,546","75,970","582,886","451,094","4,651,092","6,925,993","589,713","527,668","1,908,212","2,671,370","19,166","35,799",".."
"June 1994","19,323,481","314,101","80,046","617,220","468,701","4,637,334","7,257,512","621,710","549,257","1,963,127","2,753,031","21,834","39,609",".."
"July 1994","18,297,834","311,368","83,026","595,148","449,797","4,293,834","6,721,829","584,726","531,542","1,873,437","2,791,343","22,906","38,878",".."
"August 1994","18,101,290","309,580","79,958","586,604","434,613","4,253,203","6,624,040","580,810","525,999","1,859,268","2,789,177","21,505","36,532",".."
"September 1994","18,161,417","300,869","74,169","581,955","416,028","4,206,341","6,845,008","578,148","517,271","1,783,577","2,803,883","19,096","35,073",".."
"October 1994","17,998,875","294,185","74,669","571,041","426,581","4,083,663","6,793,043","595,434","545,257","1,812,240","2,747,182","18,410","37,170",".."
"November 1994","18,516,766","312,619","73,866","585,781","453,099","4,175,222","7,137,130","604,964","546,752","1,845,057","2,728,821","17,545","35,910",".."
"December 1994","22,688,647","380,731","89,394","726,695","539,938","4,981,721","8,765,790","758,103","661,531","2,306,163","3,413,973","21,516","43,092",".."
"January 1995","14,927,996","224,785","56,637","460,898","338,474","3,352,479","5,667,009","481,009","448,158","1,525,698","2,329,069","14,784","28,996",".."
"February 1995","14,520,623","229,337","53,977","441,362","335,934","3,174,826","5,557,844","477,357","426,987","1,467,770","2,311,138","15,165","28,925",".."
"March 1995","17,457,477","284,682","63,025","534,454","401,403","3,938,292","6,581,428","566,598","500,831","1,751,271","2,781,642","18,756","35,095",".."
"April 1995","17,774,107","296,073","65,533","562,310","413,624","4,142,872","6,547,659","585,358","518,806","1,825,661","2,761,815","18,836","35,560",".."
"May 1995","19,740,889","317,241","79,208","605,686","464,425","4,571,996","7,450,648","658,507","566,417","1,994,289","2,972,016","22,793","37,664",".."
"June 1995","20,319,460","329,936","87,613","633,890","489,242","4,529,355","7,755,803","677,739","597,850","2,072,295","3,080,443","24,822","40,471",".."
"July 1995","18,747,299","319,883","87,058","577,806","469,168","4,187,672","6,972,238","628,471","560,407","1,919,775","2,960,193","24,835","39,792",".."
"August 1995","19,280,525","329,503","88,552","593,158","479,585","4,316,380","7,196,553","639,286","579,192","1,978,098","3,015,339","25,873","39,007",".."
"September 1995","18,860,566","310,654","78,957","570,676","463,534","4,228,131","7,137,304","624,295","554,236","1,901,233","2,932,484","22,327","36,736",".."
"October 1995","18,177,152","299,458","77,113","542,901","445,520","4,115,311","6,728,687","617,876","578,162","1,912,119","2,802,824","21,483","35,700",".."
"November 1995","18,962,903","317,509","82,793","576,427","478,831","4,300,740","7,184,049","619,901","584,131","1,939,319","2,823,082","20,652","35,470",".."
"December 1995","22,308,880","367,400","93,929","695,715","551,784","4,820,014","8,486,827","758,211","690,106","2,328,450","3,449,123","23,687","43,633",".."
"January 1996","15,379,086","233,908","59,468","480,757","371,500","3,465,015","5,798,872","509,643","482,159","1,557,580","2,373,325","16,305","30,555",".."
"February 1996","15,521,981","248,182","61,241","505,809","376,727","3,445,429","5,725,217","506,984","477,006","1,624,075","2,500,691","17,148","33,474",".."
"March 1996","17,613,469","284,511","68,987","576,509","426,433","3,980,717","6,429,194","590,489","552,388","1,823,541","2,820,637","21,409","38,655",".."
"April 1996","18,421,405","302,254","72,305","589,507","455,043","4,314,651","6,690,796","614,537","573,689","1,937,413","2,808,079","24,729","38,403",".."
"May 1996","20,624,568","332,552","85,735","662,187","513,057","4,953,777","7,534,881","711,417","629,363","2,097,025","3,035,644","28,001","40,928",".."
"June 1996","20,099,348","316,640","86,442","647,324","509,929","4,657,066","7,388,326","682,192","632,796","2,072,631","3,035,891","28,583","41,529",".."
"July 1996","19,423,284","316,132","90,594","639,774","501,245","4,461,244","7,036,378","663,812","618,095","1,991,479","3,032,645","29,751","42,133",".."
"August 1996","19,889,359","333,807","91,378","674,161","512,323","4,632,571","7,125,054","695,818","631,382","2,067,347","3,055,143","29,321","41,053",".."
"September 1996","18,589,571","283,594","77,761","603,335","455,019","4,305,827","6,862,929","641,928","562,393","1,924,254","2,811,128","24,897","36,505",".."
"October 1996","19,686,383","312,272","83,282","649,926","487,124","4,668,159","7,067,931","692,186","642,060","2,081,761","2,936,888","26,413","38,380",".."
"November 1996","20,293,165","331,056","83,190","666,378","494,608","4,642,163","7,507,122","703,744","658,944","2,133,404","3,011,993","23,963","36,602",".."
"December 1996","22,897,980","376,874","97,239","759,407","553,011","4,975,666","8,676,524","797,024","732,463","2,505,854","3,352,719","27,737","43,462",".."
"January 1997","16,882,321","253,728","65,761","531,934","380,568","3,885,407","6,081,016","578,331","535,329","1,849,356","2,664,484","21,722","34,685",".."
"February 1997","16,033,605","240,787","60,756","496,365","366,171","3,654,162","5,825,456","564,034","502,197","1,760,502","2,508,041","19,392","35,741",".."
"March 1997","18,225,453","292,675","71,579","574,105","411,156","4,126,493","6,647,950","637,998","563,891","2,016,159","2,819,440","24,021","39,987",".."
"April 1997","20,432,272","319,248","76,415","630,680","499,948","4,879,831","7,418,655","669,338","645,341","2,230,763","2,995,906","25,543","40,605",".."
"May 1997","22,594,727","368,760","93,677","689,389","535,397","5,419,161","8,192,682","787,571","695,202","2,457,985","3,278,681","32,345","43,877",".."
"June 1997","21,577,744","353,416","94,805","691,596","525,165","5,012,864","7,956,187","767,261","680,284","2,354,442","3,064,546","31,804","45,376",".."
"July 1997","21,570,145","366,454","107,128","723,544","517,908","5,023,013","7,844,580","736,550","680,573","2,296,191","3,197,315","32,280","44,611",".."
"August 1997","21,065,784","360,096","100,176","678,990","519,615","4,783,180","7,681,757","729,178","661,253","2,271,441","3,206,980","30,097","43,022",".."
"September 1997","20,532,806","321,029","85,687","647,544","501,748","4,662,310","7,594,966","710,041","641,072","2,230,266","3,068,684","28,555","40,906",".."
"October 1997","21,491,163","335,952","90,091","663,636","528,410","4,862,609","7,949,851","770,630","710,485","2,405,176","3,105,497","26,913","41,915",".."
"November 1997","20,904,746","337,062","85,145","638,370","510,528","4,625,878","7,927,832","728,054","662,317","2,331,185","2,994,801","24,425","39,150",".."
"December 1997","25,507,180","407,660","105,867","795,889","621,115","5,342,543","9,828,241","891,395","816,781","2,930,440","3,686,972","31,747","48,532",".."
"January 1998","17,736,224","270,147","70,946","563,349","423,679","3,665,611","6,728,304","624,244","593,952","2,083,955","2,653,031","22,691","36,316",".."
"February 1998","16,797,018","257,450","66,034","530,847","393,699","3,864,143","6,262,593","557,117","506,439","1,858,397","2,445,212","19,666","35,420",".."
"March 1998","19,408,883","300,198","74,691","593,852","472,638","4,477,574","7,248,240","660,182","585,463","2,120,418","2,806,509","25,603","43,514",".."
"April 1998","21,501,677","330,805","83,895","675,010","535,232","5,057,571","8,041,359","727,860","647,109","2,368,274","2,965,664","25,507","43,391",".."
"May 1998","23,312,947","371,157","98,943","717,555","579,774","5,426,302","8,866,365","794,391","686,174","2,546,755","3,152,496","29,266","43,769",".."
"June 1998","22,654,803","368,370","102,547","719,213","579,978","5,094,459","8,664,591","772,947","685,395","2,493,920","3,098,683","32,351","42,350",".."
"July 1998","22,594,775","372,242","110,997","732,759","580,713","5,162,458","8,472,550","758,618","687,455","2,445,243","3,191,628","34,064","46,049",".."
"August 1998","21,512,734","351,785","102,653","699,280","546,186","4,846,144","8,094,555","731,717","657,607","2,361,491","3,046,823","32,196","42,294",".."
"September 1998","21,645,562","342,496","89,949","664,530","533,237","4,878,918","8,326,797","738,759","655,924","2,373,387","2,971,775","28,562","41,229",".."
"October 1998","21,994,089","359,114","92,161","694,898","539,877","5,038,699","8,338,681","765,906","683,774","2,412,908","2,998,995","27,096","41,979",".."
"November 1998","21,461,344","358,448","88,392","685,001","525,548","4,792,518","8,358,345","725,913","647,098","2,349,306","2,866,963","24,378","39,435",".."
"December 1998","25,874,332","419,447","106,700","827,112","626,217","5,579,647","10,117,943","891,007","782,472","2,881,069","3,563,790","29,531","49,398",".."
"January 1999","18,438,151","277,952","72,407","582,422","442,618","4,164,520","6,998,785","616,750","563,936","2,037,717","2,620,633","20,972","25,874","13,565"
"February 1999","17,658,952","272,659","65,620","555,580","434,133","4,011,051","6,771,328","583,164","512,442","1,929,250","2,463,957","21,300","25,247","13,222"
"March 1999","21,082,603","344,044","80,670","645,438","520,100","4,866,193","8,056,862","699,694","599,909","2,313,195","2,882,538","25,863","32,299","15,797"
"April 1999","22,587,382","357,472","86,659","699,759","567,346","5,424,201","8,573,317","738,132","652,367","2,396,061","3,020,991","26,981","27,066","17,030"
"May 1999","23,892,100","398,194","102,154","755,939","627,710","5,689,707","9,179,684","773,618","676,301","2,510,916","3,100,581","31,260","30,186","15,851"
"June 1999","24,036,828","401,912","112,710","782,965","628,723","5,542,076","9,328,824","786,753","697,926","2,544,973","3,126,259","34,494","33,836","15,375"
"July 1999","23,994,614","404,799","124,474","772,967","638,220","5,519,597","9,201,583","771,111","701,183","2,534,722","3,239,327","35,076","34,541","17,015"
"August 1999","22,926,469","386,169","114,759","745,121","619,871","5,203,173","8,805,431","754,981","683,595","2,472,147","3,060,019","32,672","31,228","17,303"
"September 1999","22,984,278","372,903","104,370","720,595","591,236","5,245,093","8,869,643","764,291","667,147","2,521,265","3,050,090","30,556","31,391","15,699"
"October 1999","22,813,633","369,472","102,881","720,826","588,804","5,181,177","8,798,837","749,454","677,758","2,513,773","3,036,876","26,360","31,159","16,257"
"November 1999","22,972,959","390,089","102,816","739,476","593,833","5,172,236","8,993,287","747,054","679,750","2,517,427","2,968,269","25,765","27,819","15,140"
"December 1999","28,143,999","457,160","125,228","894,332","717,771","6,055,692","11,047,699","951,738","841,195","3,162,510","3,803,243","32,424","36,661","18,346"
"January 2000","19,324,692","294,785","77,287","580,471","463,194","4,323,520","7,453,581","625,504","575,242","2,153,650","2,715,350","22,237","26,421","13,452"
"February 2000","19,140,440","301,832","78,792","600,608","469,600","4,256,506","7,373,403","633,817","558,972","2,112,698","2,690,917","22,182","27,172","13,940"
"March 2000","22,918,829","378,188","89,114","698,220","582,832","5,292,626","8,807,424","748,136","658,284","2,500,671","3,083,493","28,304","34,937","16,600"
"April 2000","22,914,155","380,477","96,487","702,320","582,791","5,391,799","8,720,253","736,726","664,697","2,502,510","3,060,601","27,927","30,992","16,574"
"May 2000","25,659,687","429,398","113,505","775,820","667,286","5,974,331","10,001,757","840,171","737,894","2,771,919","3,264,744","33,802","31,675","17,384"
"June 2000","25,945,400","443,241","121,069","836,144","672,309","5,918,797","10,124,411","840,409","753,761","2,785,499","3,362,850","35,646","34,763","16,503"
"July 2000","24,821,347","417,150","127,066","800,113","636,640","5,695,496","9,523,332","798,075","727,230","2,693,141","3,315,217","34,991","35,379","17,518"
"August 2000","25,102,965","436,034","125,726","794,312","666,249","5,764,696","9,586,286","809,282","741,607","2,757,891","3,333,441","35,022","33,911","18,508"
"September 2000","24,710,257","406,986","109,498","759,334","627,515","5,576,767","9,641,991","799,195","709,947","2,754,197","3,244,534","30,575","32,587","17,130"
"October 2000","23,687,124","385,173","103,677","716,093","584,131","5,391,423","9,174,595","768,153","697,390","2,652,041","3,136,470","28,192","32,055","17,731"
"November 2000","24,556,357","416,693","104,619","768,216","615,923","5,445,947","9,680,321","782,112","704,286","2,747,030","3,217,757","26,712","30,690","16,051"
"December 2000","29,057,176","469,783","127,053","924,198","713,840","6,213,027","11,413,235","955,118","829,957","3,306,892","4,009,259","33,844","40,688","20,281"
"January 2001","20,607,642","316,270","83,158","633,331","502,939","4,523,979","7,940,905","673,191","615,375","2,385,147","2,868,031","22,392","28,784","14,139"
"February 2001","19,444,855","306,079","76,476","576,200","476,840","4,294,158","7,445,193","637,677","562,628","2,210,676","2,790,495","23,904","29,925","14,603"
"March 2001","23,652,255","416,873","93,385","716,758","578,486","5,379,258","8,943,041","771,532","669,572","2,726,569","3,272,630","27,674","38,876","17,601"
"April 2001","24,370,700","391,199","96,424","728,230","620,066","5,855,050","9,170,892","776,932","692,979","2,736,681","3,223,209","28,156","33,804","17,078"
"May 2001","27,585,889","485,391","118,953","826,060","690,535","6,557,053","10,497,466","897,400","781,650","3,072,978","3,569,684","34,233","36,093","18,391"
"June 2001","27,243,919","488,951","128,025","857,338","685,569","6,219,785","10,400,799","878,526","783,259","3,077,613","3,628,436","37,897","39,919","17,801"
"July 2001","25,507,932","473,710","132,365","814,468","636,321","5,786,385","9,546,590","830,462","743,067","2,912,532","3,542,036","35,326","36,324","18,345"
"August 2001","26,322,941","493,960","131,930","831,555","674,284","5,999,158","9,866,823","866,497","764,286","3,040,489","3,563,333","35,378","37,174","18,073"
"September 2001","24,263,969","426,418","106,863","746,678","600,670","5,486,198","9,162,058","815,567","706,707","2,810,196","3,319,758","30,859","34,693","17,303"
"October 2001","24,917,747","438,516","110,977","768,046","634,894","5,591,205","9,428,604","841,825","754,918","2,933,614","3,330,892","31,698","35,351","17,208"
"November 2001","26,048,646","469,627","114,817","833,577","654,432","5,769,516","10,035,997","879,973","760,899","3,030,085","3,414,699","33,353","34,353","17,316"
"December 2001","30,481,412","493,523","131,230","945,396","743,038","6,494,150","11,855,961","1,008,302","890,288","3,623,022","4,195,660","38,721","41,375","20,746"
"January 2002","22,361,219","344,717","90,137","687,737","535,471","4,827,624","8,600,368","745,093","670,069","2,679,965","3,100,413","30,275","34,803","14,546"
"February 2002","20,787,209","334,145","80,720","635,199","496,695","4,627,992","7,806,275","698,250","599,417","2,460,240","2,971,822","25,572","36,621","14,262"
"March 2002","24,642,692","407,947","97,589","772,379","606,725","5,625,178","9,229,578","816,095","707,158","2,882,944","3,406,252","30,229","42,420","18,197"
"April 2002","26,405,170","437,931","106,433","784,462","640,313","6,197,605","9,951,460","876,003","757,225","3,041,746","3,523,371","29,274","41,334","18,013"
"May 2002","29,087,583","489,572","124,915","884,238","720,435","6,912,198","10,841,440","960,881","834,067","3,382,561","3,839,781","36,678","41,507","19,309"
"June 2002","28,363,263","477,978","122,810","873,368","696,512","6,476,069","10,723,720","932,314","824,379","3,318,903","3,814,053","39,793","44,530","18,835"
"July 2002","27,912,328","493,117","138,630","870,760","695,285","6,316,449","10,502,306","922,849","836,259","3,245,264","3,782,084","42,194","46,120","21,012"
"August 2002","28,202,300","511,855","136,139","884,918","712,560","6,438,350","10,522,400","941,906","838,588","3,308,016","3,800,099","41,526","44,311","21,632"
"September 2002","26,054,411","458,542","113,973","802,689","632,563","5,893,460","9,861,946","853,588","754,296","3,105,300","3,482,362","34,519","42,114","19,058"
"October 2002","27,131,743","454,201","113,055","824,015","653,438","6,178,129","10,271,441","892,276","820,505","3,223,847","3,605,800","34,278","41,529","19,227"
"November 2002","27,276,942","470,517","112,555","845,184","647,174","5,984,053","10,528,545","890,087","805,598","3,269,575","3,630,565","32,189","41,166","19,736"
"December 2002","31,300,554","526,505","132,022","974,597","749,669","6,621,847","12,152,562","1,040,202","941,191","3,744,291","4,308,428","37,336","48,505","23,398"
"January 2003","23,301,871","361,116","90,109","703,296","536,940","5,127,945","8,854,640","763,813","704,143","2,789,975","3,286,728","27,774","38,883","16,509"
"February 2003","21,980,804","347,827","82,979","662,177","500,477","4,885,202","8,286,746","714,805","646,319","2,632,809","3,139,077","28,280","38,453","15,654"
"March 2003","25,468,203","427,082","95,501","761,605","589,664","5,878,251","9,557,373","834,649","761,040","3,031,570","3,431,027","32,744","48,174","19,521"
"April 2003","27,059,495","458,495","105,771","800,669","656,308","6,402,021","10,086,223","876,540","805,608","3,210,472","3,564,412","32,287","41,130","19,560"
"May 2003","30,417,563","529,989","125,892","902,809","722,201","7,283,006","11,484,887","1,008,774","883,077","3,480,656","3,893,003","37,976","45,084","20,209"
"June 2003","28,912,102","520,653","126,275","902,059","714,578","6,640,073","10,910,679","966,403","851,860","3,379,634","3,794,885","39,976","45,740","19,286"
"July 2003","29,492,832","542,612","141,617","914,041","720,764","6,711,668","11,073,687","975,110","874,481","3,489,056","3,939,517","42,984","48,154","19,142"
"August 2003","29,102,135","549,045","138,346","887,505","703,461","6,640,588","10,836,108","954,752","882,778","3,457,612","3,944,573","40,545","45,518","21,304"
"September 2003","27,467,571","480,319","118,922","797,423","640,002","6,202,145","10,497,247","912,033","837,198","3,256,715","3,625,001","36,419","42,978","21,169"
"October 2003","28,223,631","477,912","116,528","847,651","660,522","6,530,547","10,651,423","936,477","857,285","3,346,801","3,701,769","33,590","43,535","19,589"
"November 2003","27,391,422","487,384","110,437","840,437","639,296","6,104,667","10,461,735","918,616","798,334","3,302,662","3,638,229","31,680","39,584","18,360"
"December 2003","32,325,789","553,836","130,272","995,258","742,622","6,919,575","12,421,716","1,091,232","955,962","3,939,788","4,462,818","37,393","52,697","22,620"
"January 2004","23,778,728","385,983","90,851","715,870","539,684","5,295,765","8,932,725","793,371","696,464","2,893,178","3,351,984","28,686","37,609","16,557"
"February 2004","23,008,594","374,549","83,714","645,689","514,360","5,030,422","8,597,555","781,615","683,123","2,959,285","3,257,808","26,344","37,808","16,320"
"March 2004","26,967,793","426,404","100,160","794,324","605,236","6,178,202","9,984,064","912,090","783,379","3,392,157","3,693,425","30,968","47,508","19,876"
"April 2004","28,592,026","454,476","112,081","839,694","664,139","6,704,162","10,410,474","984,542","868,501","3,580,988","3,878,237","32,276","43,033","19,423"
"May 2004","30,479,247","504,665","123,105","901,207","693,795","7,174,083","11,339,976","1,012,884","895,539","3,715,037","4,021,512","35,219","42,273","19,952"
"June 2004","30,711,705","512,377","127,821","949,707","709,132","7,043,371","11,398,777","1,044,190","916,065","3,778,840","4,124,530","39,090","48,243","19,562"
"July 2004","30,898,334","528,795","136,990","952,340","716,800","7,049,459","11,290,249","1,049,679","928,886","3,838,274","4,297,008","40,730","49,341","19,785"
"August 2004","29,535,183","514,607","130,245","883,517","696,547","6,764,892","10,892,121","982,870","882,566","3,666,308","4,017,537","39,211","45,150","19,612"
"September 2004","29,245,397","485,953","118,437","863,795","675,384","6,615,022","10,916,530","979,984","832,757","3,698,807","3,960,103","34,744","44,293","19,589"
"October 2004","29,445,711","480,781","116,439","867,576","666,538","6,755,803","10,892,213","1,003,653","874,945","3,732,365","3,957,799","34,447","43,257","19,897"
"November 2004","29,232,659","507,767","113,014","866,071","693,719","6,535,157","11,043,171","980,509","857,523","3,697,220","3,845,943","32,480","40,990","19,095"
"December 2004","34,561,103","584,338","132,919","1,021,538","791,511","7,306,569","13,218,814","1,155,603","1,024,154","4,396,848","4,813,568","39,093","52,585","23,563"
"January 2005","24,498,615","368,514","88,468","670,621","549,007","5,497,093","9,197,597","833,346","704,800","3,122,489","3,381,996","27,741","39,881","17,062"
"February 2005","24,028,226","370,541","90,566","684,378","539,290","5,295,345","8,877,189","830,884","700,900","3,152,247","3,399,246","26,509","44,289","16,842"
"March 2005","28,600,602","446,573","100,855","801,807","648,856","6,568,090","10,440,850","966,786","819,842","3,733,608","3,964,344","33,974","54,070","20,947"
"April 2005","30,600,811","478,040","115,579","862,510","690,578","7,171,500","11,163,923","1,044,890","908,229","4,009,378","4,051,960","35,346","47,621","21,257"
"May 2005","31,948,565","515,817","122,999","903,272","711,799","7,536,304","11,647,502","1,070,033","979,441","4,178,461","4,177,137","40,200","44,482","21,116"
"June 2005","32,967,426","533,664","134,100","985,606","768,460","7,651,431","12,109,951","1,115,762","988,144","4,258,875","4,306,369","41,766","51,820","21,478"
"July 2005","32,620,077","533,106","141,645","950,795","756,156","7,371,084","11,905,193","1,123,158","983,664","4,341,056","4,396,383","42,548","53,313","21,973"
"August 2005","32,025,283","527,418","138,616","933,407","747,210","7,151,445","11,688,537","1,095,687","977,116","4,303,915","4,348,800","41,155","49,495","22,481"
"September 2005","30,914,826","478,168","119,848","889,653","710,194","6,879,732","11,406,585","1,037,650","901,004","4,153,011","4,233,848","37,278","45,949","21,908"
"October 2005","30,241,532","469,226","112,828","860,161","683,891","6,867,278","11,144,311","1,028,214","888,955","4,037,991","4,047,852","34,594","45,689","20,541"
"November 2005","30,828,069","507,732","116,215","884,099","705,574","6,797,462","11,561,240","1,022,228","891,599","4,186,352","4,057,413","34,214","44,224","19,715"
"December 2005","36,726,743","595,155","141,835","1,100,919","832,956","7,670,776","13,987,855","1,203,889","1,051,841","5,009,457","5,014,719","39,371","53,832","24,138"
"January 2006","25,993,203","382,064","93,989","753,215","582,889","5,629,370","9,619,773","846,090","756,799","3,640,411","3,601,091","27,890","41,275","18,348"
"February 2006","25,128,165","365,169","91,980","713,529","560,411","5,480,933","9,073,226","822,992","735,110","3,621,450","3,574,334","27,552","43,641","17,838"
"March 2006","30,760,061","441,403","109,513","873,720","710,279","6,904,518","11,196,478","1,014,043","865,932","4,304,512","4,230,640","33,086","53,973","21,962"
"April 2006","32,106,585","480,268","116,518","895,026","725,853","7,419,510","11,470,097","1,057,533","935,809","4,627,146","4,274,566","35,370","47,906","20,984"
"May 2006","34,894,460","536,524","139,220","993,651","796,043","8,064,424","12,454,297","1,149,466","1,049,640","4,961,474","4,637,084","41,367","49,676","21,596"
"June 2006","35,049,112","549,035","139,391","1,012,413","797,951","7,908,348","12,606,652","1,164,486","1,054,530","4,986,629","4,709,400","44,488","53,841","21,948"
"July 2006","34,341,547","535,101","145,837","987,454","785,945","7,720,570","12,176,499","1,132,419","1,033,961","4,974,934","4,727,505","45,002","53,232","23,088"
"August 2006","35,045,180","554,912","148,179","1,002,790","798,840","7,818,492","12,449,253","1,160,783","1,051,395","5,138,156","4,800,355","44,371","54,239","23,418"
"September 2006","33,056,559","504,413","129,389","929,424","739,987","7,310,947","11,869,639","1,104,757","998,415","4,802,309","4,555,004","39,463","49,436","23,375"
"October 2006","31,830,349","489,819","120,903","893,115","711,528","7,105,581","11,400,849","1,058,939","967,183","4,623,553","4,354,085","37,246","45,864","21,683"
"November 2006","32,663,281","544,349","124,409","947,106","758,903","7,129,143","11,937,155","1,092,815","964,406","4,746,220","4,316,366","33,712","47,491","21,205"
"December 2006","38,605,976","628,979","149,726","1,139,667","889,120","8,015,636","14,342,898","1,270,029","1,141,141","5,546,308","5,355,940","43,013","58,557","24,962"
"January 2007","27,777,968","410,562","104,398","784,271","620,415","5,985,462","9,903,036","926,080","855,226","4,159,780","3,933,952","30,481","45,460","18,846"
"February 2007","26,548,520","402,824","99,706","748,649","591,877","5,694,752","9,423,169","888,329","793,054","3,971,940","3,833,508","33,095","48,863","18,753"
"March 2007","32,818,504","492,926","119,530","915,433","728,337","7,177,947","11,601,269","1,116,995","1,000,274","4,955,677","4,588,274","35,871","62,494","23,478"
"April 2007","33,621,240","510,233","121,837","911,194","749,618","7,755,800","11,725,102","1,128,514","1,056,442","5,003,535","4,543,190","38,073","54,285","23,416"
"May 2007","38,434,319","591,711","146,619","1,052,927","873,049","8,975,655","13,437,800","1,272,967","1,195,862","5,718,198","5,043,660","45,815","56,397","23,659"
"June 2007","37,555,708","610,602","151,075","1,059,836","868,216","8,325,896","13,272,433","1,267,779","1,179,419","5,636,000","5,050,854","49,644","60,024","23,930"
"July 2007","35,635,889","582,298","157,242","1,023,049","833,657","7,819,097","12,292,776","1,216,402","1,161,567","5,461,343","4,956,146","47,383","61,522","23,407"
"August 2007","36,978,090","607,338","165,280","1,052,576","873,385","8,129,415","12,921,704","1,249,169","1,190,673","5,531,409","5,123,422","48,770","59,629","25,322"
"September 2007","34,057,842","528,799","133,936","958,266","769,975","7,371,771","12,043,152","1,166,993","1,112,622","5,062,393","4,788,465","43,204","53,767","24,500"
"October 2007","34,070,363","541,467","134,708","968,754","787,629","7,513,001","12,021,701","1,180,685","1,115,958","5,005,442","4,681,918","42,632","53,724","22,743"
"November 2007","35,091,406","588,273","134,281","1,002,654","816,957","7,589,676","12,593,142","1,218,780","1,146,513","5,149,655","4,731,990","40,358","55,957","23,172"
"December 2007","40,006,665","660,845","152,208","1,139,433","894,650","8,073,179","14,742,569","1,384,249","1,323,420","5,834,857","5,660,952","47,373","66,049","26,879"
"January 2008","30,525,699","466,454","113,086","851,147","680,928","6,567,632","10,940,757","1,057,924","1,006,211","4,467,895","4,262,658","35,435","53,448","22,124"
"February 2008","29,418,898","463,265","110,879","831,967","667,324","6,400,050","10,310,206","1,024,719","975,985","4,343,290","4,175,218","35,357","58,415","22,223"
"March 2008","32,925,876","493,945","118,448","931,480","726,857","7,094,265","11,555,587","1,168,605","1,115,911","4,952,322","4,638,845","39,328","65,238","25,046"
"April 2008","36,272,111","568,379","133,183","978,421","823,684","8,345,716","12,926,611","1,257,353","1,223,653","5,110,703","4,777,008","42,830","59,009","25,562"
"May 2008","39,778,972","625,249","156,657","1,112,518","919,837","9,229,964","13,920,921","1,377,055","1,372,419","5,708,372","5,219,092","49,802","60,503","26,582"
"June 2008","37,842,321","616,461","155,393","1,058,624","889,047","8,458,239","13,387,732","1,312,942","1,302,280","5,471,322","5,051,071","50,935","61,412","26,863"
"July 2008","38,632,038","652,018","170,143","1,110,963","946,832","8,653,259","13,547,970","1,324,895","1,341,587","5,511,221","5,231,511","53,542","62,023","26,075"
"August 2008","37,775,417","646,689","167,799","1,083,301","921,459","8,340,775","13,333,517","1,304,752","1,299,819","5,392,861","5,147,802","50,408","59,533","26,703"
"September 2008","36,138,751","591,906","145,385","1,025,408","858,144","8,053,849","12,749,504","1,259,256","1,250,745","5,194,759","4,880,108","47,232","56,820","25,633"
"October 2008","36,158,245","606,895","142,004","1,016,017","863,020","8,115,389","12,753,591","1,289,455","1,273,737","5,173,217","4,797,177","45,252","55,431","27,060"
"November 2008","34,230,901","607,211","134,797","966,303","800,511","7,528,490","12,301,422","1,226,501","1,193,691","4,884,238","4,471,580","39,648","51,207","25,303"
"December 2008","38,256,712","670,975","155,200","1,124,588","920,853","8,028,869","13,969,071","1,379,066","1,319,888","5,409,402","5,141,778","44,776","62,649","29,596"
"January 2009","29,192,654","459,346","112,323","837,884","686,371","6,353,609","10,420,323","1,045,889","1,021,014","4,160,757","3,989,196","34,287","49,697","21,959"
"February 2009","26,804,723","436,697","101,273","762,864","623,366","5,916,029","9,565,220","954,392","934,563","3,749,499","3,657,617","31,294","49,498","22,412"
"March 2009","31,356,949","506,736","116,207","895,943","735,849","7,133,819","11,259,006","1,123,284","1,101,918","4,249,536","4,108,995","36,877","61,597","27,183"
"April 2009","33,942,769","567,506","132,196","964,905","803,969","7,953,442","12,036,441","1,203,134","1,178,332","4,584,227","4,396,928","40,081","52,780","28,831"
"May 2009","37,316,515","635,271","150,418","1,076,920","897,064","8,752,530","13,206,956","1,306,926","1,318,476","5,046,778","4,794,694","46,055","56,977","27,450"
"June 2009","36,865,690","651,267","152,341","1,088,267","889,943","8,458,540","12,961,124","1,339,172","1,326,054","5,076,972","4,779,588","51,358","63,783","27,281"
"July 2009","37,191,480","667,569","167,025","1,099,654","929,889","8,529,309","13,004,369","1,335,533","1,313,701","5,070,636","4,931,927","50,746","63,387","27,734"
"August 2009","36,049,418","630,279","160,813","1,062,301","911,618","8,139,094","12,753,138","1,286,627","1,286,399","4,867,836","4,812,144","51,082","60,526","27,563"
"September 2009","35,537,357","610,970","149,476","1,031,716","890,072","8,039,278","12,659,491","1,276,955","1,239,621","4,753,756","4,753,854","46,473","58,118","27,577"
"October 2009","36,133,694","627,213","140,466","1,053,901","885,376","8,220,019","12,778,475","1,322,821","1,298,435","4,845,226","4,827,350","46,486","59,809","28,119"
"November 2009","34,354,756","616,566","136,394","1,020,807","837,288","7,657,160","12,400,762","1,249,737","1,183,031","4,572,675","4,557,882","41,792","53,729","26,934"
"December 2009","40,969,765","711,459","162,711","1,210,192","1,003,109","8,605,758","15,063,820","1,475,131","1,403,336","5,511,258","5,678,127","50,306","63,327","31,230"
"January 2010","30,668,321","492,679","118,863","876,665","720,477","6,791,289","10,930,410","1,106,119","1,052,304","4,243,099","4,226,346","37,687","48,837","23,548"
"February 2010","28,632,551","473,636","109,735","835,179","690,362","6,415,550","10,006,078","1,031,019","976,374","4,001,619","3,980,578","35,602","52,712","24,106"
"March 2010","34,967,182","576,652","133,536","1,007,998","827,753","8,143,969","12,333,348","1,252,462","1,187,059","4,735,888","4,630,154","44,529","64,461","29,373"
"April 2010","36,469,949","608,758","144,899","1,047,713","870,989","8,647,054","12,878,830","1,289,771","1,251,932","4,830,125","4,769,292","46,041","55,536","29,010"
"May 2010","38,424,455","634,467","154,362","1,097,979","930,590","9,008,023","13,592,354","1,361,195","1,311,987","5,154,411","5,040,869","51,400","57,817","29,001"
"June 2010","38,973,462","671,726","160,270","1,171,598","942,209","8,852,038","13,915,167","1,389,143","1,347,363","5,277,683","5,094,943","56,657","65,974","28,691"
"July 2010","38,932,294","683,755","175,547","1,113,260","976,729","8,896,476","13,651,942","1,431,665","1,367,036","5,287,161","5,198,326","57,703","64,052","28,643"
"August 2010","37,395,330","664,286","166,187","1,080,602","932,338","8,442,195","13,189,380","1,360,852","1,319,444","5,118,818","4,973,833","55,778","63,436","28,181"
"September 2010","36,923,390","614,305","151,101","1,054,260","892,683","8,308,101","13,177,081","1,340,969","1,276,721","5,056,495","4,909,980","54,114","58,887","28,694"
"October 2010","37,014,326","625,771","145,357","1,058,805","883,749","8,506,463","13,111,374","1,325,500","1,276,129","5,053,899","4,887,691","53,785","56,741","29,063"
"November 2010","37,408,825","657,163","145,148","1,070,997","907,036","8,338,368","13,538,952","1,342,206","1,289,553","5,158,389","4,827,912","49,013","55,483","28,607"
"December 2010","43,147,947","749,540","165,176","1,235,570","1,019,784","9,239,998","15,951,285","1,539,471","1,447,439","5,931,272","5,711,125","57,034","65,740","34,515"
"January 2011","31,191,594","503,040","115,600","877,554","739,005","6,926,599","11,243,767","1,112,380","1,101,912","4,333,046","4,123,317","40,186","50,587","24,602"
"February 2011","29,797,949","495,120","110,698","837,695","707,017","6,568,745","10,668,602","1,090,838","1,037,704","4,157,880","4,004,959","39,302","54,593","24,797"
"March 2011","36,099,866","607,848","140,005","1,036,843","880,839","8,140,826","12,818,453","1,313,744","1,256,711","4,970,047","4,788,820","48,406","66,262","31,063"
"April 2011","38,035,760","636,819","149,069","1,084,117","918,629","8,837,706","13,385,671","1,332,860","1,318,410","5,209,017","5,019,135","55,452","59,279","29,595"
"May 2011","40,046,516","677,424","164,254","1,140,959","967,515","9,281,334","14,186,030","1,412,431","1,411,146","5,528,520","5,132,038","56,940","57,974","29,952"
"June 2011","40,839,556","700,989","169,818","1,187,800","1,008,921","9,313,357","14,479,541","1,462,922","1,465,248","5,635,174","5,255,268","63,385","66,784","30,348"
"July 2011","39,832,282","701,063","182,556","1,194,108","988,589","9,106,048","13,922,137","1,435,723","1,413,069","5,464,302","5,265,009","63,250","64,890","31,538"
"August 2011","39,541,248","714,006","181,386","1,137,578","996,785","8,831,044","13,878,529","1,436,117","1,422,929","5,548,002","5,240,414","60,839","63,320","30,300"
"September 2011","38,877,263","670,013","162,017","1,113,577","949,153","8,699,725","13,723,118","1,411,056","1,393,923","5,457,597","5,146,271","57,889","60,795","32,127"
"October 2011","38,203,872","650,021","153,305","1,078,824","915,993","8,565,711","13,267,258","1,393,285","1,403,305","5,545,004","5,088,464","54,881","57,665","30,156"
"November 2011","39,174,736","687,665","156,424","1,104,140","951,146","8,676,620","13,944,911","1,401,056","1,415,526","5,651,075","5,047,341","51,792","56,919","30,123"
"December 2011","45,089,701","789,058","180,682","1,305,156","1,079,664","9,607,966","16,340,662","1,640,697","1,559,138","6,445,293","5,978,821","59,342","68,096","35,127"
"January 2012","32,299,560","521,184","128,025","905,388","763,827","6,987,132","11,568,562","1,144,281","1,158,528","4,694,784","4,306,601","41,973","51,646","27,629"
"February 2012","32,037,162","534,651","121,655","908,846","759,118","7,013,688","11,247,061","1,140,776","1,137,508","4,672,914","4,368,617","43,498","61,174","27,654"
"March 2012","37,882,518","626,536","144,118","1,064,521","890,493","8,407,451","13,379,401","1,356,316","1,358,475","5,459,308","5,037,334","53,066","71,719","33,779"
"April 2012","37,740,840","633,083","151,408","1,049,961","888,817","8,659,527","13,200,161","1,321,790","1,381,205","5,383,519","4,933,416","50,175","57,039","30,737"
"May 2012","42,558,147","741,556","176,361","1,196,304","1,003,053","9,655,534","14,916,409","1,468,619","1,580,884","6,185,509","5,480,474","60,068","61,329","32,048"
"June 2012","41,765,337","740,342","174,555","1,176,880","993,527","9,380,398","14,683,467","1,482,658","1,563,083","6,037,444","5,370,020","64,012","69,282","29,669"
"July 2012","40,117,110","722,809","183,790","1,135,954","965,883","9,109,612","13,762,096","1,442,435","1,553,468","5,816,396","5,264,164","63,861","66,142","30,500"
"August 2012","41,307,128","774,226","188,974","1,187,757","994,349","9,166,091","14,369,642","1,464,359","1,572,257","6,043,793","5,384,342","63,105","66,850","31,384"
"September 2012","39,060,675","686,339","162,426","1,105,491","912,732","8,546,936","13,740,130","1,395,497","1,475,734","5,811,493","5,071,719","60,164","61,967","30,048"
"October 2012","39,497,273","692,934","160,052","1,098,304","915,671","8,927,379","13,597,723","1,421,672","1,506,497","5,892,215","5,133,824","58,947","61,423","30,632"
"November 2012","40,090,004","722,124","158,399","1,137,905","926,904","8,892,019","14,225,205","1,415,356","1,490,334","5,920,172","5,059,040","53,210","59,202","30,132"
"December 2012","43,444,637","774,709","171,886","1,244,138","986,358","9,009,409","15,727,459","1,560,117","1,595,658","6,410,466","5,807,314","56,926","65,803","34,394"
"January 2013","33,607,336","561,726","127,105","931,353","759,007","7,328,495","11,775,773","1,191,249","1,265,089","5,070,415","4,472,207","44,423","54,139","26,355"
"February 2013","31,686,766","538,828","116,492","861,991","706,757","6,932,491","10,972,390","1,149,292","1,188,571","4,884,857","4,209,503","41,953","57,796","25,847"
"March 2013","37,632,780","658,351","138,492","1,051,823","862,648","8,302,862","13,085,914","1,348,634","1,362,512","5,638,704","5,031,227","51,045","66,973","33,597"
"April 2013","39,504,016","696,008","155,628","1,098,423","905,475","8,949,346","13,715,017","1,415,596","1,473,006","5,940,752","5,013,053","50,475","61,351","29,886"
"May 2013","44,707,357","805,969","178,649","1,244,413","1,018,447","10,272,046","15,456,342","1,579,936","1,715,594","6,712,199","5,569,809","59,220","64,154","30,579"
"June 2013","42,299,543","759,006","176,306","1,217,593","975,611","9,362,311","14,705,275","1,567,077","1,664,660","6,324,213","5,392,561","62,318","64,856","27,757"
"July 2013","42,565,931","790,623","197,053","1,230,248","1,014,708","9,596,511","14,572,514","1,494,686","1,625,302","6,336,772","5,547,299","62,691","68,928","28,593"
"August 2013","43,391,178","803,925","192,987","1,260,316","1,013,035","9,504,147","15,129,445","1,528,843","1,646,346","6,481,401","5,670,184","63,323","66,268","30,958"
"September 2013","40,327,899","708,596","163,125","1,140,106","921,741","8,728,327","14,168,820","1,423,003","1,545,393","6,138,477","5,246,567","55,376","59,944","28,424"
"October 2013","41,747,250","739,177","164,490","1,162,380","951,926","9,263,642","14,405,541","1,497,370","1,594,443","6,432,394","5,389,200","55,440","61,659","29,588"
"November 2013","42,062,766","740,643","160,490","1,189,594","943,050","9,222,766","14,780,822","1,477,169","1,585,312","6,422,420","5,399,255","50,650","61,492","29,102"
"December 2013","44,940,706","790,940","168,519","1,250,748","1,001,374","9,426,725","16,107,807","1,579,535","1,619,263","6,831,839","6,003,291","55,692","71,817","33,157"
"January 2014","35,181,491","592,148","129,541","959,552","795,600","7,425,442","12,240,781","1,258,356","1,362,945","5,603,616","4,686,515","44,285","56,415","26,295"
"February 2014","33,120,378","554,243","120,597","922,888","747,186","7,051,627","11,460,489","1,175,235","1,263,945","5,335,421","4,362,419","42,055","58,777","25,497"
"March 2014","38,764,006","656,300","134,705","1,049,505","839,308","8,287,339","13,385,292","1,407,590","1,497,581","6,175,082","5,178,359","51,270","69,233","32,441"
"April 2014","42,142,874","715,820","153,046","1,123,790","929,315","9,484,078","14,660,747","1,471,907","1,583,956","6,416,141","5,460,102","51,942","62,129","29,901"
"May 2014","46,760,489","808,273","185,152","1,279,997","1,057,582","10,597,597","16,211,796","1,634,621","1,791,791","7,105,468","5,928,206","62,432","66,357","31,218"
"June 2014","44,550,964","792,887","188,442","1,242,974","1,007,327","9,726,703","15,582,066","1,575,713","1,678,460","6,847,123","5,749,393","61,453","69,274","29,150"
"July 2014","45,699,406","851,615","210,545","1,306,749","1,084,064","9,979,824","15,762,085","1,594,861","1,740,360","7,006,519","5,999,132","65,381","68,404","29,869"
"August 2014","44,765,234","817,757","200,871","1,273,375","1,044,987","9,582,318","15,658,172","1,567,800","1,684,365","6,842,542","5,933,334","62,165","66,175","31,374"
"September 2014","43,448,141","762,227","175,597","1,197,214","986,678","9,207,502","15,230,188","1,542,609","1,659,161","6,824,921","5,709,473","57,956","64,752","29,862"
"October 2014","44,236,013","762,838","171,254","1,196,506","987,825","9,529,504","15,501,688","1,569,418","1,668,003","6,935,016","5,759,390","58,478","65,435","30,658"
"November 2014","43,386,732","770,854","161,138","1,174,846","951,322","9,119,217","15,617,487","1,530,663","1,562,992","6,639,871","5,716,615","50,998","62,324","28,403"
"December 2014","47,291,686","826,774","176,291","1,290,718","1,048,078","9,636,734","17,159,733","1,646,521","1,656,403","7,258,082","6,432,968","54,619","71,231","33,535"
"January 2015","35,248,015","589,180","131,299","930,668","757,616","7,400,819","12,524,938","1,251,712","1,268,087","5,387,126","4,876,349","43,100","59,681","27,438"
"February 2015","33,625,076","557,323","119,092","848,272","724,629","7,132,350","11,771,011","1,178,174","1,203,347","5,133,166","4,820,849","44,229","65,140","27,495"
"March 2015","40,025,924","645,814","136,331","982,514","861,652","8,587,643","14,250,604","1,431,044","1,427,824","6,018,706","5,525,423","52,784","71,692","33,890"
"April 2015","42,989,382","722,259","160,704","1,124,448","950,061","9,605,863","15,275,379","1,454,310","1,555,719","6,201,647","5,783,556","55,617","67,911","31,906"
"May 2015","47,439,687","805,474","190,127","1,302,277","1,064,566","10,435,716","17,032,356","1,598,762","1,732,810","6,796,530","6,313,211","66,537","67,739","33,582"
"June 2015","46,376,329","827,761","194,629","1,296,743","1,064,083","9,908,770","16,606,590","1,613,016","1,674,676","6,740,824","6,276,192","70,263","70,154","32,627"
"July 2015","47,151,990","852,068","211,716","1,329,613","1,113,007","10,201,785","16,767,217","1,656,372","1,673,788","6,758,100","6,412,341","65,085","75,966","34,931"
"August 2015","45,655,167","805,450","199,578","1,252,986","1,050,395","9,676,961","16,386,391","1,577,649","1,629,161","6,582,960","6,326,302","62,578","70,718","34,039"
"September 2015","44,907,164","771,434","182,736","1,232,099","1,019,496","9,503,063","16,216,000","1,578,419","1,574,584","6,481,258","6,181,372","61,799","70,196","34,710"
"October 2015","45,477,857","782,871","176,332","1,213,383","1,033,130","9,873,245","16,296,684","1,608,500","1,611,411","6,555,780","6,163,715","60,252","67,178","35,376"
"November 2015","44,630,000","783,792","167,696","1,198,307","1,000,682","9,416,159","16,464,635","1,553,108","1,525,873","6,321,436","6,046,331","54,743","62,971","34,268"
"December 2015","49,078,191","828,186","188,458","1,335,073","1,090,855","10,012,369","18,343,059","1,709,356","1,640,447","6,873,411","6,883,707","60,551","72,175","40,542"
"January 2016","37,415,147","581,030","137,543","975,681","820,779","7,784,230","13,818,410","1,330,941","1,298,302","5,221,978","5,313,591","48,330","54,144","30,187"
"February 2016","36,815,980","595,307","132,022","957,688","808,993","7,774,985","13,311,988","1,298,530","1,263,438","5,219,769","5,311,231","49,092","61,366","31,571"
"March 2016","42,763,737","682,620","156,122","1,111,622","923,271","9,248,386","15,478,752","1,510,837","1,481,458","5,973,877","6,035,171","57,197","67,832","36,590"
"April 2016","46,155,952","739,355","178,096","1,203,824","1,015,796","10,310,768","16,708,022","1,566,965","1,578,712","6,298,130","6,399,157","61,313","59,800","36,015"
"May 2016","48,783,412","814,049","196,808","1,297,666","1,071,262","11,028,381","17,563,789","1,661,176","1,713,631","6,634,379","6,636,611","68,276","62,634","34,750"
"June 2016","48,892,480","850,977","208,378","1,319,395","1,121,460","10,682,811","17,762,675","1,699,966","1,749,927","6,603,490","6,719,192","71,566","66,919","35,724"
"July 2016","47,842,336","788,093","218,999","1,323,489","1,044,249","10,534,905","17,363,500","1,625,145","1,626,433","6,368,757","6,778,241","68,012","66,648","35,865"
"August 2016","47,790,528","811,321","211,508","1,300,644","1,048,271","10,345,454","17,307,754","1,648,397","1,647,802","6,510,287","6,783,617","74,423","64,463","36,587"
"September 2016","47,059,911","777,193","198,958","1,282,792","1,011,602","10,213,767","17,188,220","1,618,052","1,595,393","6,391,739","6,615,236","66,602","62,557","37,798"
"October 2016","46,455,078","743,202","181,088","1,219,182","984,520","10,166,963","16,951,088","1,572,417","1,559,886","6,350,246","6,569,138","61,602","58,902","36,845"
"November 2016","48,043,147","792,836","189,141","1,306,911","1,029,842","10,379,452","17,997,964","1,611,203","1,589,397","6,385,345","6,603,745","60,120","59,899","37,292"
"December 2016","51,693,611","835,421","200,436","1,410,731","1,097,879","10,711,140","19,433,376","1,747,224","1,699,126","7,039,264","7,343,592","64,554","68,384","42,486"
"January 2017","39,636,308","606,752","148,862","1,042,061","829,988","8,321,479","14,481,381","1,397,595","1,329,821","5,531,878","5,809,515","48,981","53,405","34,589"
"February 2017","38,074,136","592,765","135,308","946,094","821,312","8,010,596","13,849,974","1,348,415","1,289,187","5,444,578","5,491,871","48,432","59,131","36,472"
"March 2017","46,588,809","695,346","175,602","1,214,489","1,000,570","9,783,374","17,201,202","1,665,634","1,631,202","6,403,719","6,648,965","61,753","68,901","38,051"
"April 2017","48,423,073","716,323","185,113","1,259,278","1,029,589","10,834,932","17,794,949","1,681,300","1,580,658","6,453,469","6,732,777","60,952","57,244","36,490"
"May 2017","54,057,557","828,290","217,451","1,449,550","1,206,439","11,905,017","19,746,481","1,877,089","1,820,805","7,392,108","7,436,187","73,426","65,691","39,021"
"June 2017","52,905,969","862,191","214,745","1,476,198","1,145,764","11,348,189","19,242,276","1,807,216","1,770,694","7,308,875","7,547,148","75,309","68,925","38,438"
"July 2017","50,974,136","808,921","233,358","1,439,870","1,124,153","10,985,545","18,439,344","1,734,677","1,706,894","6,898,661","7,425,487","74,622","67,344","35,259"
"August 2017","52,091,210","846,183","228,571","1,453,059","1,150,042","10,983,551","19,113,594","1,820,850","1,741,792","7,058,269","7,520,753","70,786","68,255","35,507"
"September 2017","50,105,018","801,215","200,356","1,361,515","1,114,751","10,426,512","18,486,730","1,721,312","1,621,207","6,932,931","7,267,682","70,008","64,551","36,248"
"October 2017","50,626,368","807,735","197,020","1,335,111","1,088,678","11,005,986","18,432,073","1,713,718","1,689,010","6,882,920","7,306,300","70,362","60,853","36,603"
"November 2017","51,723,467","820,884","200,774","1,418,826","1,124,162","11,004,415","19,446,223","1,770,093","1,671,614","6,840,716","7,256,957","70,005","62,743","36,055"
"December 2017","53,621,980","840,109","211,993","1,465,269","1,156,613","11,113,839","20,083,354","1,823,685","1,724,182","7,169,469","7,847,344","74,883","71,825","39,413"
"January 2018","41,445,101","585,633","160,145","1,081,098","872,836","8,610,110","15,370,034","1,491,157","1,382,556","5,754,937","5,987,130","54,661","59,027","35,777"
"February 2018","39,476,157","583,469","146,961","1,020,599","832,390","8,294,642","14,506,751","1,315,486","1,300,414","5,508,352","5,823,976","49,187","61,191","32,740"
"March 2018","48,435,697","700,552","175,887","1,235,743","1,008,160","10,413,579","17,965,492","1,679,797","1,511,611","6,557,911","7,013,045","62,745","71,637","39,538"
"April 2018","48,565,856","720,633","186,960","1,296,536","1,019,838","10,691,439","17,685,021","1,657,550","1,606,627","6,500,760","7,038,323","64,560","61,127","36,481"
"May 2018","57,227,355","821,956","228,415","1,477,837","1,219,076","12,848,827","21,050,621","1,908,539","1,868,213","7,800,786","7,820,924","77,997","67,683","36,480"
"June 2018","55,120,461","820,316","229,128","1,448,175","1,160,814","11,874,578","20,508,735","1,916,129","1,839,677","7,431,432","7,699,486","82,376","70,984","38,631"
"July 2018","52,835,683","827,024","236,181","1,435,974","1,171,026","11,515,098","19,409,084","1,801,245","1,753,900","7,061,177","7,438,224","79,681","68,941","38,129"
"August 2018","54,160,270","852,838","239,595","1,473,293","1,214,195","11,486,765","20,202,936","1,895,144","1,696,522","7,248,919","7,662,750","81,112","66,639","39,559"
"September 2018","51,234,938","753,239","204,707","1,328,606","1,131,858","10,783,716","19,374,827","1,791,367","1,624,411","6,897,851","7,164,246","75,809","66,289","38,013"
"October 2018","52,409,997","761,596","203,194","1,346,709","1,127,109","11,502,407","19,809,407","1,747,927","1,636,854","6,828,233","7,275,184","70,357","62,801","38,220"
"November 2018","52,480,485","778,772","196,497","1,324,149","1,115,471","11,266,748","20,049,957","1,754,268","1,608,703","6,911,853","7,302,683","67,855","63,709","39,821"
"December 2018","53,299,810","803,316","204,326","1,419,154","1,133,621","10,955,450","20,164,547","1,850,564","1,649,337","7,234,401","7,707,193","69,742","66,982","41,175"
"January 2019","42,005,090","583,270","159,229","1,122,517","888,115","8,813,116","15,628,300","1,449,965","1,336,375","5,685,418","6,189,141","55,076","58,254","36,313"
"February 2019","40,038,590","561,597","148,721","1,010,788","844,153","8,558,931","14,762,869","1,404,657","1,295,253","5,455,536","5,846,762","52,072","60,942","36,308"
"March 2019","49,007,033","701,450","189,714","1,283,522","1,056,190","10,493,751","18,026,735","1,707,837","1,612,555","6,598,684","7,154,622","67,916","69,650","44,408"
"April 2019","50,761,198","695,348","201,975","1,325,624","1,089,454","11,034,340","18,828,767","1,751,924","1,670,824","6,907,397","7,083,435","70,016","62,050","40,044"
"May 2019","57,706,834","782,822","225,528","1,479,353","1,228,000","12,915,603","21,721,200","1,929,183","1,888,421","7,527,387","7,819,056","82,050","66,243","41,988"
"June 2019","54,274,479","805,344","226,902","1,472,311","1,174,623","11,701,636","20,454,287","1,896,913","1,721,453","7,177,283","7,455,026","81,979","67,278","39,443"
"July 2019","54,613,897","844,444","254,624","1,526,488","1,181,100","11,748,135","20,491,148","1,887,297","1,739,644","7,194,273","7,555,379","84,578","67,300","39,487"
"August 2019","54,567,305","843,503","254,236","1,490,515","1,238,746","11,493,188","20,475,859","1,873,366","1,731,640","7,235,731","7,738,212","83,860","67,372","41,076"
"September 2019","51,073,691","755,373","210,123","1,367,576","1,094,991","10,808,424","19,567,449","1,714,633","1,626,120","6,620,227","7,129,710","75,337","65,007","38,719"
"October 2019","52,425,670","812,402","212,204","1,369,246","1,163,089","11,383,226","19,665,320","1,781,549","1,646,695","6,900,834","7,310,796","75,480","63,398","41,431"
"November 2019","53,177,952","789,957","209,033","1,402,388","1,165,902","11,331,346","20,714,565","1,756,179","1,584,904","6,662,163","7,389,015","67,617","62,820","42,064"
"December 2019","54,328,294","819,336","214,452","1,438,227","1,160,752","11,077,382","21,053,320","1,828,665","1,675,449","7,125,773","7,756,470","69,461","66,259","42,747"
"January 2020","43,646,873","584,986","174,297","1,168,151","960,320","9,273,873","16,338,035","1,484,205","1,389,804","5,882,521","6,237,908","58,166","57,326","37,283"
"February 2020","42,981,961","606,700","164,690","1,086,203","913,249","9,047,956","16,101,280","1,484,585","1,346,333","5,762,312","6,305,671","59,516","65,955","37,511"
"March 2020","43,641,006","653,871","170,303","1,111,845","932,506","8,726,433","16,600,305","1,550,669","1,424,351","5,605,774","6,683,462","66,600","70,288","44,598"
"April 2020","34,869,392","530,544","153,646","926,279","833,404","6,937,693","12,252,711","1,297,695","1,286,598","4,851,147","5,635,805","59,258","56,279","48,333"
"May 2020","47,342,177","736,868","207,847","1,240,749","1,127,864","10,731,022","16,185,164","1,780,705","1,673,307","6,433,840","7,022,967","75,756","73,519","52,570"
"June 2020","56,342,104","911,425","242,003","1,497,926","1,262,771","12,478,810","20,708,551","2,046,821","1,859,002","7,364,795","7,760,857","82,260","78,418","48,463"
"July 2020","57,254,433","922,318","247,698","1,525,411","1,286,003","12,650,554","20,992,627","2,085,770","1,832,428","7,393,662","8,102,951","86,009","81,524","47,478"
"August 2020","55,127,885","854,109","248,522","1,517,609","1,244,116","12,079,702","20,242,635","1,972,449","1,758,415","6,961,497","8,041,497","83,404","77,161","46,770"
"September 2020","55,166,045","820,472","238,192","1,445,991","1,274,667","11,961,438","20,558,291","1,932,682","1,720,120","7,081,702","7,927,912","82,242","75,938","46,397"

Symbol legend:
..,not available for a specific reference period,
A,data quality: excellent,
B,data quality: very good,

Corrections:
Date:,Note:
2019-04-26T04:00:00Z,"On April 26th, 2019, data for the Cannabis Stores Series were corrected for the province of Ontario for reference period of October 2018."

Footnotes:
1,The total for retail trade excludes North American Industry Classification System (NAICS) 454.
2,"This CANSIM table replaces archived table 080-0014, 080-0015 and 080-0017."
3,"Quality indicator: Code A=Excellent. Code B=Very good. Code C=Good. Code D=Acceptable. Code E=Poor, use with caution. Code F=Unreliable (data not published)."
4,"Data for Northwest Territories includes Nunavut, from 1991-01 to 1998-12."
5,"Effective April 2018, data from 2004 onwards are based on the 2017 North American Industry Classification System (NAICS). Data prior to 2004 continue to be based on the 2007 North American Industry Classification System (NAICS)."

"How to cite: Statistics Canada. Table 20-10-0008-01 Retail trade sales by province and territory (x 1,000)"
https://www150.statcan.gc.ca/t1/tbl1/en/tv.action?pid=2010000801
DOI: https://doi.org/10.25318/2010000801-eng