REF_DATE,Automobile dealers [4411],"Automotive parts, accessories and tire stores [4413]","Beer, wine and liquor stores [4453]",Building material and garden equipment and supplies dealers [444],Cannabis stores [453993],Clothing and clothing accessories stores [448],Clothing stores [4481],Convenience stores [44512],Department stores [4521],Electronics and appliance stores [443],Food and beverage stores [445],Furniture and home furnishings stores [442],Furniture stores [4421],Gasoline stations [447],General merchandise stores [452],Grocery stores [4451],Health and personal care stores [446],Home furnishings stores [4422],"Jewellery, luggage and leather goods stores [4483]",Miscellaneous store retailers [453],Motor vehicle and parts dealers [441],New car dealers [44111],Other general merchandise stores [4529],Other motor vehicle dealers [4412],Retail trade [44-45],Shoe stores [4482],Specialty food stores [4452],"Sporting goods, hobby, book and music stores [451]",Supermarkets and other grocery (except convenience) storesÂ  [44511],Used car dealers [44112]
1991-01,,,481113.0,348553.0,,714982.0,,,635897.0,321830.0,3945700.0,379906.0,258598.0,1480378.0,1316016.0,,998432.0,121308.0,,251823.0,2484133.0,2085763.0,680119.0,,12588862.0,,,347110.0,3031651.0,
1991-02,,,508191.0,345950.0,,685731.0,,,658182.0,319908.0,3714090.0,409825.0,273596.0,1291283.0,1280562.0,,979526.0,136229.0,,276688.0,2536615.0,2109098.0,622380.0,,12154321.0,,,314143.0,2785956.0,
1991-03,,,622511.0,454501.0,,914979.0,,,849138.0,395545.0,4310123.0,488117.0,326424.0,1344143.0,1610981.0,,1041070.0,161693.0,,312273.0,3110183.0,2603642.0,761843.0,,14337072.0,,,355157.0,3202762.0,
1991-04,,,579380.0,542013.0,,988205.0,,,892845.0,367436.0,4037907.0,533579.0,361476.0,1346809.0,1766033.0,,1025859.0,172103.0,,330720.0,3796699.0,3105848.0,873188.0,,15108570.0,,,373311.0,2996723.0,
1991-05,,,732711.0,829549.0,,1110745.0,,,1008001.0,365013.0,4684556.0,560348.0,374439.0,1505592.0,2063682.0,,1114109.0,185909.0,,403812.0,4176274.0,3411798.0,1055681.0,,17225734.0,,,412054.0,3414088.0,
1991-06,,,746541.0,775450.0,,1075086.0,,,961797.0,388477.0,4546114.0,572491.0,387142.0,1462871.0,1916886.0,,1043593.0,185348.0,,384671.0,3784721.0,3102061.0,955088.0,,16342833.0,,,392473.0,3259627.0,
1991-07,,,774011.0,710855.0,,925319.0,,,873387.0,380032.0,4436342.0,585029.0,388624.0,1563588.0,1834910.0,,1042459.0,196404.0,,377787.0,3755020.0,3051545.0,961523.0,,15996243.0,,,384901.0,3135695.0,
1991-08,,,836077.0,676250.0,,1074138.0,,,1003267.0,426205.0,4760800.0,584695.0,394367.0,1562208.0,1953263.0,,1082565.0,190329.0,,399048.0,3121365.0,2537793.0,949996.0,,16064910.0,,,424373.0,3370987.0,
1991-09,,,667018.0,647626.0,,1084948.0,,,939294.0,423130.0,4148753.0,544999.0,363546.0,1418286.0,1805234.0,,1037904.0,181453.0,,361430.0,3117713.0,2569403.0,865940.0,,15015317.0,,,425293.0,3011026.0,
1991-10,,,685703.0,665146.0,,1074978.0,,,1032758.0,415726.0,4340379.0,578550.0,377522.0,1465544.0,1958286.0,,1138558.0,201027.0,,374029.0,3183404.0,2593540.0,925528.0,,15606864.0,,,412264.0,3167682.0,
1991-11,,,742355.0,597808.0,,1237458.0,,,1345052.0,486058.0,4457511.0,602096.0,398487.0,1369753.0,2407123.0,,1173959.0,203609.0,,386815.0,3033258.0,2498760.0,1062071.0,,16237366.0,,,485530.0,3236569.0,
1991-12,,,1070026.0,498779.0,,1923888.0,,,1909361.0,693241.0,4844723.0,600357.0,384678.0,1328380.0,3215731.0,,1361780.0,215678.0,,522881.0,2570536.0,2147489.0,1306370.0,,18381340.0,,,821044.0,3269992.0,
1992-01,,,522107.0,380938.0,,763064.0,,,644502.0,388096.0,4131236.0,454204.0,306567.0,1348562.0,1366034.0,,1061203.0,147637.0,,275541.0,2553072.0,2154915.0,721532.0,,13084963.0,,,363014.0,3178595.0,
1992-02,,,543002.0,383608.0,,702175.0,,,699321.0,361178.0,4000904.0,450648.0,300882.0,1246556.0,1363797.0,,1033715.0,149765.0,,290661.0,2612494.0,2181620.0,664476.0,,12773972.0,,,328236.0,3035614.0,
1992-03,,,551927.0,486519.0,,840498.0,,,800443.0,406731.0,4019903.0,499385.0,331699.0,1311996.0,1555331.0,,1083071.0,167686.0,,312584.0,3335966.0,2801310.0,754887.0,,14198775.0,,,346792.0,3042035.0,
1992-04,,,617204.0,582187.0,,975016.0,,,960400.0,372810.0,4339292.0,540718.0,362790.0,1322572.0,1829604.0,,1120694.0,177928.0,,341581.0,3747527.0,3073407.0,869204.0,,15558390.0,,,386390.0,3247983.0,
1992-05,,,721576.0,848606.0,,1071763.0,,,990519.0,360774.0,4701499.0,546614.0,360899.0,1448002.0,1972136.0,,1156485.0,185715.0,,412123.0,3860268.0,3154632.0,981617.0,,16776396.0,,,398125.0,3469500.0,
1992-06,,,708895.0,854670.0,,1017970.0,,,952027.0,404000.0,4467248.0,605467.0,400940.0,1523834.0,1911989.0,,1149056.0,204527.0,,408159.0,3962059.0,3249853.0,959962.0,,16716231.0,,,411778.0,3260448.0,
1992-07,,,807923.0,781799.0,,951724.0,,,916219.0,394099.0,4735933.0,592048.0,391507.0,1594696.0,1878436.0,,1153375.0,200542.0,,404857.0,3735757.0,3039650.0,962217.0,,16637483.0,,,414758.0,3397183.0,
1992-08,,,733681.0,711418.0,,1038475.0,,,983860.0,411481.0,4497887.0,564204.0,369799.0,1517751.0,1885511.0,,1150473.0,194405.0,,405436.0,3236597.0,2643297.0,901650.0,,15842075.0,,,422842.0,3253599.0,
1992-09,,,646190.0,720564.0,,1125534.0,,,986726.0,456135.0,4346658.0,575885.0,386967.0,1411593.0,1859590.0,,1144039.0,188917.0,,387570.0,3341145.0,2760327.0,872864.0,,15812400.0,,,443688.0,3222332.0,
1992-10,,,701562.0,725092.0,,1139489.0,,,1081827.0,455529.0,4722369.0,597318.0,398306.0,1489270.0,2016281.0,,1241920.0,199012.0,,397979.0,3341222.0,2735935.0,934454.0,,16562268.0,,,435800.0,3515082.0,
1992-11,,,621359.0,645240.0,,1193372.0,,,1288568.0,491089.0,4194090.0,598786.0,397100.0,1395970.0,2302026.0,,1203808.0,201686.0,,381283.0,3122434.0,2581527.0,1013458.0,,16015869.0,,,487772.0,3132012.0,
1992-12,,,1122377.0,592833.0,,1989279.0,,,1984843.0,763821.0,5253616.0,648081.0,418928.0,1397727.0,3313637.0,,1471253.0,229153.0,,560916.0,2818694.0,2360172.0,1328794.0,,19682921.0,,,873065.0,3620157.0,
1993-01,,,525027.0,412624.0,,822980.0,,,668425.0,419027.0,4399788.0,479889.0,333254.0,1326473.0,1378751.0,,1171737.0,146634.0,,279968.0,2592466.0,2187017.0,710326.0,,13672727.0,,,389023.0,3413310.0,
1993-02,,,503534.0,422038.0,,698766.0,,,652293.0,372613.0,3960969.0,449331.0,306179.0,1253479.0,1277388.0,,1145925.0,143152.0,,290367.0,2698837.0,2255212.0,625095.0,,12900733.0,,,331020.0,3028920.0,
1993-03,,,554837.0,560844.0,,877420.0,,,817471.0,450248.0,4247652.0,533848.0,362563.0,1361492.0,1578838.0,,1253298.0,171285.0,,319453.0,3659022.0,3081429.0,761366.0,,15211859.0,,,369744.0,3231293.0,
1993-04,,,637492.0,655318.0,,1056258.0,,,951779.0,421501.0,4569330.0,575767.0,397595.0,1354837.0,1820242.0,,1262510.0,178172.0,,361313.0,4131586.0,3397768.0,868463.0,,16642246.0,,,433584.0,3425075.0,
1993-05,,,685477.0,893478.0,,1133435.0,,,986316.0,394877.0,4727006.0,578631.0,393551.0,1451378.0,1955747.0,,1246801.0,185081.0,,417868.0,4218069.0,3455643.0,969431.0,,17442405.0,,,425115.0,3514354.0,
1993-06,,,694244.0,885041.0,,1096402.0,,,944945.0,433598.0,4655717.0,637638.0,434269.0,1499479.0,1905804.0,,1265589.0,203369.0,,417305.0,4219434.0,3464525.0,960858.0,,17444074.0,,,428066.0,3422574.0,
1993-07,,,848523.0,802741.0,,1078752.0,,,894459.0,441050.0,5129448.0,641116.0,441216.0,1597869.0,1878159.0,,1254438.0,199900.0,,414147.0,3932798.0,3199779.0,983700.0,,17610326.0,,,439809.0,3696882.0,
1993-08,,,710652.0,764141.0,,1114519.0,,,927330.0,452507.0,4567181.0,606118.0,409815.0,1572184.0,1833874.0,,1256217.0,196303.0,,411957.0,3624621.0,2968296.0,906545.0,,16645660.0,,,442342.0,3322761.0,
1993-09,,,662276.0,786526.0,,1199028.0,,,993258.0,497898.0,4611752.0,615653.0,423408.0,1478203.0,1881064.0,,1275476.0,192245.0,,394483.0,3588292.0,2966047.0,887805.0,,16790330.0,,,461954.0,3437784.0,
1993-10,,,665193.0,763948.0,,1192682.0,,,1056808.0,470728.0,4711670.0,615627.0,422531.0,1492959.0,1991863.0,,1304365.0,193097.0,,387446.0,3554747.0,2918679.0,935055.0,,16921755.0,,,435720.0,3532071.0,
1993-11,,,616375.0,729397.0,,1279749.0,,,1285666.0,542159.0,4396548.0,652654.0,440425.0,1428482.0,2332994.0,,1283769.0,212229.0,,386220.0,3580250.0,2967080.0,1047328.0,,17124609.0,,,512386.0,3312686.0,
1993-12,,,1155346.0,675499.0,,2076596.0,,,1989685.0,835138.0,5518427.0,704137.0,459314.0,1385519.0,3381778.0,,1597995.0,244824.0,,578099.0,3256903.0,2739023.0,1392093.0,,20928208.0,,,918116.0,3826240.0,
1994-01,,,492214.0,452079.0,,816531.0,,,628645.0,414556.0,4315590.0,470031.0,328382.0,1321134.0,1386496.0,,1217922.0,141649.0,,305407.0,2899584.0,2447702.0,757851.0,,14005058.0,,,405727.0,3372080.0,
1994-02,,,512656.0,444694.0,,734816.0,,,708515.0,383247.0,4095941.0,458588.0,313970.0,1255086.0,1378859.0,,1164614.0,144618.0,,321945.0,3204551.0,2686802.0,670344.0,,13799079.0,,,356739.0,3142879.0,
1994-03,,,619833.0,616204.0,,969031.0,,,927515.0,504480.0,4642583.0,551140.0,379647.0,1359348.0,1778844.0,,1294050.0,171493.0,,365009.0,4370287.0,3687090.0,851329.0,,16865149.0,,,414172.0,3521775.0,
1994-04,,,619661.0,714950.0,,1110084.0,,,958817.0,445013.0,4706757.0,578675.0,405601.0,1324612.0,1903253.0,,1265328.0,173074.0,,400000.0,4598608.0,3782453.0,944436.0,,17494589.0,,,447308.0,3573906.0,
1994-05,,,666430.0,1064834.0,,1164166.0,,,980673.0,434497.0,4771286.0,604878.0,418820.0,1458111.0,2022061.0,,1270485.0,186058.0,,465946.0,5027490.0,4129470.0,1041388.0,,18739509.0,,,455756.0,3570912.0,
1994-06,,,717928.0,1049044.0,,1210605.0,,,1024982.0,476555.0,4950676.0,656840.0,458578.0,1530268.0,2073849.0,,1309457.0,198262.0,,496762.0,5088372.0,4196314.0,1048867.0,,19323481.0,,,481053.0,3646979.0,
1994-07,,,868865.0,938150.0,,1120208.0,,,910413.0,449205.0,5248558.0,635345.0,438863.0,1604535.0,1927124.0,,1255045.0,196482.0,,471566.0,4171242.0,3394928.0,1016710.0,,18297834.0,,,476857.0,3759172.0,
1994-08,,,716271.0,901845.0,,1241003.0,,,1065603.0,490550.0,4764821.0,631544.0,428206.0,1582802.0,2046824.0,,1301947.0,203338.0,,502199.0,4134999.0,3387115.0,981221.0,,18101290.0,,,502755.0,3470006.0,
1994-09,,,711681.0,899467.0,,1298429.0,,,978143.0,541789.0,4849168.0,641298.0,445366.0,1476377.0,1936832.0,,1310101.0,195932.0,,483189.0,4225683.0,3509605.0,958689.0,,18161417.0,,,499085.0,3579933.0,
1994-10,,,663428.0,873408.0,,1249980.0,,,1105161.0,517092.0,4683728.0,647560.0,452557.0,1469431.0,2095919.0,,1317892.0,195003.0,,476124.0,4197387.0,3467734.0,990758.0,,17998875.0,,,470354.0,3481079.0,
1994-11,,,649403.0,821943.0,,1413920.0,,,1384153.0,588010.0,4587843.0,671147.0,456441.0,1433749.0,2530514.0,,1300850.0,214706.0,,479254.0,4119691.0,3426206.0,1146361.0,,18516766.0,,,569845.0,3436243.0,
1994-12,,,1268667.0,745447.0,,2353106.0,,,2116643.0,944499.0,5976303.0,747461.0,510983.0,1435731.0,3609912.0,,1607279.0,236478.0,,680727.0,3620039.0,3050206.0,1493269.0,,22688647.0,,,968142.0,4103123.0,
1995-01,,,487380.0,550438.0,,898773.0,,,683468.0,464556.0,4320500.0,508723.0,365531.0,1302871.0,1495518.0,,1226571.0,143192.0,,350455.0,3381847.0,2882099.0,812050.0,,14927996.0,,,427743.0,3346143.0,
1995-02,,,524352.0,537563.0,,816549.0,,,691233.0,430074.0,4235218.0,487827.0,345325.0,1261907.0,1432542.0,,1154200.0,142502.0,,351365.0,3447386.0,2907225.0,741309.0,,14520623.0,,,365992.0,3232606.0,
1995-03,,,599011.0,686687.0,,1043485.0,,,911856.0,529821.0,4741968.0,574905.0,402906.0,1382127.0,1801763.0,,1282560.0,172000.0,,394912.0,4591325.0,3889886.0,889907.0,,17457477.0,,,427924.0,3601190.0,
1995-04,,,694981.0,773866.0,,1147496.0,,,1000706.0,466685.0,4827989.0,589240.0,421052.0,1354081.0,1938187.0,,1230840.0,168189.0,,414975.0,4573602.0,3778113.0,937481.0,,17774107.0,,,457145.0,3566918.0,
1995-05,,,713659.0,1089018.0,,1262594.0,,,1064580.0,435136.0,4945464.0,617506.0,431124.0,1546779.0,2164167.0,,1286172.0,186382.0,,516800.0,5411094.0,4463802.0,1099587.0,,19740889.0,,,466158.0,3653470.0,
1995-06,,,797183.0,1073300.0,,1325113.0,,,1097195.0,473943.0,5189281.0,660380.0,467501.0,1617671.0,2211267.0,,1293072.0,192879.0,,510604.0,5480263.0,4537323.0,1114072.0,,20319460.0,,,484564.0,3774832.0,
1995-07,,,873650.0,941130.0,,1156783.0,,,963372.0,446521.0,5158404.0,619635.0,437638.0,1666266.0,2025124.0,,1218687.0,181997.0,,492510.0,4538737.0,3713470.0,1061752.0,,18747299.0,,,483503.0,3673398.0,
1995-08,,,819009.0,947289.0,,1286454.0,,,1094152.0,498917.0,5063776.0,629736.0,440005.0,1653778.0,2153767.0,,1279993.0,189731.0,,530672.0,4730950.0,3907118.0,1059615.0,,19280525.0,,,505191.0,3638007.0,
1995-09,,,773839.0,932570.0,,1350926.0,,,1074463.0,537957.0,5060295.0,630364.0,439273.0,1530833.0,2066357.0,,1291676.0,191091.0,,516069.0,4447070.0,3713046.0,991894.0,,18860566.0,,,496448.0,3706681.0,
1995-10,,,678678.0,904775.0,,1209881.0,,,1130258.0,493777.0,4599089.0,627856.0,436775.0,1522980.0,2159503.0,,1313762.0,191081.0,,475846.0,4425817.0,3679000.0,1029245.0,,18177152.0,,,443866.0,3390197.0,
1995-11,,,710727.0,828554.0,,1405765.0,,,1481389.0,564693.0,4709501.0,649717.0,440020.0,1500307.0,2663904.0,,1350672.0,209697.0,,510986.0,4232111.0,3530504.0,1182515.0,,18962903.0,,,546692.0,3480550.0,
1995-12,,,1290341.0,713566.0,,2252738.0,,,2108852.0,861521.0,5873512.0,691633.0,454657.0,1532735.0,3600199.0,,1629723.0,236976.0,,662027.0,3586302.0,3035106.0,1491347.0,,22308880.0,,,904923.0,3976273.0,
1996-01,,,497273.0,500752.0,,881900.0,,,730882.0,442883.0,4296759.0,484308.0,335792.0,1509503.0,1565850.0,,1266219.0,148516.0,,381447.0,3624249.0,3086384.0,834968.0,,15379086.0,,,425216.0,3314567.0,
1996-02,,,562886.0,514769.0,,824453.0,,,770688.0,435491.0,4367723.0,483533.0,339828.0,1448617.0,1554754.0,,1256633.0,143706.0,,393029.0,3869430.0,3264465.0,784066.0,,15521981.0,,,373549.0,3308832.0,
1996-03,,,619064.0,621258.0,,1002537.0,,,934039.0,533148.0,4713682.0,538190.0,380869.0,1563630.0,1838695.0,,1304833.0,157321.0,,417515.0,4660219.0,3949447.0,904656.0,,17613469.0,,,419761.0,3560394.0,
1996-04,,,626270.0,786697.0,,1107968.0,,,1006509.0,441055.0,4549385.0,539407.0,377673.0,1593298.0,2029199.0,,1290838.0,161734.0,,425257.0,5226243.0,4324270.0,1022690.0,,18421405.0,,,432058.0,3385896.0,
1996-05,,,750173.0,1112905.0,,1297875.0,,,1109835.0,451658.0,5069383.0,590730.0,408420.0,1837877.0,2295183.0,,1352797.0,182310.0,,506336.0,5632228.0,4640261.0,1185348.0,,20624568.0,,,477596.0,3728297.0,
1996-06,,,764118.0,1050800.0,,1286023.0,,,1098351.0,470915.0,4937648.0,613152.0,422916.0,1789556.0,2278869.0,,1302170.0,190235.0,,524679.0,5357658.0,4427939.0,1180518.0,,20099348.0,,,487879.0,3571896.0,
1996-07,,,811869.0,993616.0,,1137083.0,,,975713.0,451852.0,5004722.0,603675.0,413755.0,1823267.0,2149184.0,,1296968.0,189920.0,,483159.0,5000247.0,4090887.0,1173471.0,,19423284.0,,,479511.0,3596885.0,
1996-08,,,871609.0,960729.0,,1317681.0,,,1152940.0,529260.0,5357834.0,618194.0,426253.0,1837626.0,2294188.0,,1290499.0,191941.0,,531356.0,4622301.0,3799853.0,1141248.0,,19889359.0,,,529691.0,3857583.0,
1996-09,,,685417.0,959500.0,,1284796.0,,,1078305.0,560523.0,4619254.0,604733.0,414930.0,1644580.0,2121467.0,,1254737.0,189803.0,,502194.0,4522362.0,3762251.0,1043162.0,,18589571.0,,,515423.0,3389985.0,
1996-10,,,687176.0,1013229.0,,1313700.0,,,1216814.0,542148.0,4900061.0,634679.0,432393.0,1715606.0,2357869.0,,1335974.0,202286.0,,486031.0,4907767.0,4052336.0,1141055.0,,19686383.0,,,479318.0,3642606.0,
1996-11,,,750036.0,912839.0,,1453478.0,,,1604181.0,620318.0,5000407.0,669563.0,458528.0,1664640.0,2897584.0,,1330706.0,211035.0,,460152.0,4700637.0,3911913.0,1293403.0,,20293165.0,,,582841.0,3696117.0,
1996-12,,,1111792.0,800096.0,,2248273.0,,,2191422.0,921833.0,5509621.0,702172.0,468085.0,1676823.0,3754954.0,,1619441.0,234087.0,,592088.0,4142460.0,3511434.0,1563531.0,,22897980.0,,,930220.0,3800445.0,
1997-01,,,590967.0,600814.0,,947320.0,,,781986.0,507075.0,4860439.0,498365.0,343443.0,1622682.0,1677753.0,,1306246.0,154923.0,,403760.0,4007928.0,3403208.0,895767.0,,16882321.0,,,449938.0,3731501.0,
1997-02,,,558248.0,615109.0,,830091.0,,,806297.0,479590.0,4405191.0,487161.0,331922.0,1487078.0,1632792.0,,1217379.0,155239.0,,404507.0,4094971.0,3435479.0,826495.0,,16033605.0,,,379737.0,3346386.0,
1997-03,,,633750.0,740524.0,,1025714.0,,,1037493.0,564775.0,4831469.0,550102.0,372634.0,1593712.0,2010244.0,,1292587.0,177468.0,,424395.0,4766967.0,4025899.0,972751.0,,18225453.0,,,424965.0,3654290.0,
1997-04,,,637832.0,965907.0,,1166534.0,,,1116300.0,496471.0,4754478.0,617522.0,426301.0,1611689.0,2228974.0,,1306749.0,191221.0,,461540.0,6345577.0,5240652.0,1112673.0,,20432272.0,,,476833.0,3575122.0,
1997-05,,,806523.0,1331758.0,,1333614.0,,,1255150.0,496059.0,5509122.0,665450.0,452827.0,1751105.0,2537368.0,,1322664.0,212623.0,,539739.0,6596306.0,5434668.0,1282218.0,,22594727.0,,,511544.0,4084013.0,
1997-06,,,771925.0,1301630.0,,1280405.0,,,1217531.0,527505.0,5052039.0,684488.0,476095.0,1777065.0,2485933.0,,1284181.0,208393.0,,536571.0,6136182.0,5069134.0,1268402.0,,21577744.0,,,511744.0,3684869.0,
1997-07,,,894420.0,1240183.0,,1202371.0,,,1110173.0,514351.0,5431641.0,673369.0,465550.0,1833732.0,2424733.0,,1310336.0,207819.0,,547721.0,5855281.0,4783064.0,1314560.0,,21570145.0,,,536427.0,3902823.0,
1997-08,,,901974.0,1124105.0,,1393994.0,,,1298836.0,579047.0,5504442.0,675354.0,468728.0,1847663.0,2494254.0,,1335194.0,206626.0,,581676.0,4948262.0,4061046.0,1195418.0,,21065784.0,,,581794.0,3967348.0,
1997-09,,,722606.0,1127235.0,,1371562.0,,,1231701.0,624472.0,4982066.0,666310.0,462636.0,1736383.0,2371616.0,,1323571.0,203674.0,,551209.0,5227456.0,4341259.0,1139915.0,,20532806.0,,,550928.0,3691833.0,
1997-10,,,756756.0,1158609.0,,1392484.0,,,1388933.0,600374.0,5241081.0,687558.0,475993.0,1804095.0,2604546.0,,1391205.0,211565.0,,532568.0,5540343.0,4584564.0,1215613.0,,21491163.0,,,538299.0,3902135.0,
1997-11,,,743862.0,996577.0,,1471748.0,,,1743843.0,672244.0,5007268.0,696668.0,478267.0,1655755.0,3050581.0,,1334719.0,218401.0,,505733.0,4898894.0,4092071.0,1306738.0,,20904746.0,,,614559.0,3717129.0,
1997-12,,,1204588.0,977472.0,,2369797.0,,,2467327.0,1057764.0,5844202.0,802145.0,522138.0,1659400.0,4175141.0,,1680754.0,280007.0,,695144.0,5182614.0,4407768.0,1707815.0,,25507180.0,,,1062747.0,4035590.0,
1998-01,,,631842.0,693851.0,,987567.0,,,890660.0,548115.0,5169392.0,533853.0,371288.0,1547216.0,1881300.0,,1340633.0,162565.0,,438311.0,4107233.0,3499828.0,990640.0,,17736224.0,,,488752.0,3983204.0,
1998-02,,,582193.0,694862.0,,906499.0,,,916130.0,498134.0,4520045.0,520151.0,354728.0,1426097.0,1799479.0,,1285261.0,165423.0,,448034.0,4265807.0,3580782.0,883349.0,,16797018.0,,,432649.0,3431606.0,
1998-03,,,633397.0,842645.0,,1089473.0,,,1137387.0,596794.0,4812203.0,597806.0,403719.0,1548916.0,2156647.0,,1369983.0,194086.0,,499363.0,5426167.0,4588671.0,1019260.0,,19408883.0,,,468886.0,3647350.0,
1998-04,,,719894.0,1058555.0,,1259218.0,,,1293330.0,522313.0,5150116.0,637948.0,441283.0,1592773.0,2507840.0,,1399509.0,196666.0,,497357.0,6332775.0,5227364.0,1214509.0,,21501677.0,,,543273.0,3851390.0,
1998-05,,,842424.0,1423921.0,,1431325.0,,,1325861.0,526464.0,5616690.0,675615.0,471147.0,1714263.0,2713834.0,,1430336.0,204468.0,,569015.0,6648011.0,5474225.0,1387973.0,,23312947.0,,,563473.0,4147085.0,
1998-06,,,797565.0,1351140.0,,1318551.0,,,1224553.0,580716.0,5287670.0,738456.0,514294.0,1713669.0,2567327.0,,1401890.0,224162.0,,564890.0,6580443.0,5440475.0,1342774.0,,22654803.0,,,550052.0,3876154.0,
1998-07,,,968065.0,1268006.0,,1295258.0,,,1191574.0,575454.0,5792246.0,718663.0,501242.0,1831970.0,2598305.0,,1428615.0,217421.0,,581758.0,5912874.0,4826398.0,1406731.0,,22594775.0,,,591627.0,4156617.0,
1998-08,,,912424.0,1152171.0,,1430813.0,,,1305444.0,607261.0,5424858.0,697401.0,479734.0,1765865.0,2556317.0,,1390258.0,217667.0,,601787.0,5283560.0,4346361.0,1250872.0,,21512734.0,,,602443.0,3887242.0,
1998-09,,,788375.0,1223721.0,,1439676.0,,,1296903.0,671764.0,5200720.0,708889.0,487883.0,1636822.0,2522924.0,,1379301.0,221006.0,,602369.0,5659410.0,4721114.0,1226021.0,,21645562.0,,,599967.0,3829324.0,
1998-10,,,828770.0,1255714.0,,1462165.0,,,1451991.0,656808.0,5522295.0,734936.0,505239.0,1686052.0,2755529.0,,1441733.0,229697.0,,589451.0,5306254.0,4375918.0,1303538.0,,21994089.0,,,583152.0,4079536.0,
1998-11,,,761844.0,1099921.0,,1534318.0,,,1755083.0,720115.0,4983726.0,755508.0,505186.0,1566314.0,3153746.0,,1389719.0,250321.0,,556245.0,5042374.0,4190487.0,1398664.0,,21461344.0,,,659358.0,3682686.0,
1998-12,,,1307484.0,1015437.0,,2444696.0,,,2578356.0,1134141.0,6134410.0,833310.0,553321.0,1576883.0,4400195.0,,1715325.0,279989.0,,740190.0,4780612.0,4036390.0,1821839.0,,25874332.0,,,1099134.0,4201826.0,
1999-01,,,668725.0,836681.0,,1031098.0,,,952224.0,603234.0,5197724.0,586138.0,417918.0,1468148.0,2052209.0,,1390847.0,168220.0,,488257.0,4256303.0,3627689.0,1099985.0,,18438151.0,,,527511.0,3980702.0,
1999-02,,,627918.0,810148.0,,933115.0,,,953120.0,557630.0,4636372.0,587927.0,414142.0,1367099.0,1897956.0,,1341757.0,173785.0,,489996.0,4586741.0,3903427.0,944836.0,,17658952.0,,,450213.0,3492026.0,
1999-03,,,699397.0,1019230.0,,1146852.0,,,1176595.0,677358.0,5039447.0,670121.0,462941.0,1564154.0,2341276.0,,1446040.0,207180.0,,541556.0,6118634.0,5231386.0,1164682.0,,21082603.0,,,517933.0,3773054.0,
1999-04,,,785183.0,1279575.0,,1316826.0,,,1290465.0,600978.0,5353487.0,678802.0,471535.0,1678503.0,2582213.0,,1435598.0,207267.0,,547247.0,6553254.0,5429465.0,1291748.0,,22587382.0,,,560900.0,3979707.0,
1999-05,,,866612.0,1666832.0,,1460273.0,,,1416218.0,584387.0,5573970.0,734528.0,514712.0,1807150.0,2875719.0,,1432321.0,219816.0,,620253.0,6555360.0,5391125.0,1459501.0,,23892100.0,,,581307.0,4071519.0,
1999-06,,,866889.0,1468625.0,,1368408.0,,,1370172.0,618202.0,5479330.0,817745.0,587724.0,1831656.0,2815352.0,,1443593.0,230021.0,,662886.0,6961293.0,5788633.0,1445180.0,,24036828.0,,,569737.0,3964298.0,
1999-07,,,1077690.0,1314401.0,,1375296.0,,,1335445.0,627845.0,6092139.0,787230.0,550264.0,1999048.0,2823205.0,,1447513.0,236966.0,,638167.0,6280943.0,5171910.0,1487760.0,,23994614.0,,,608828.0,4329361.0,
1999-08,,,881674.0,1063147.0,,1463803.0,,,1464364.0,645408.0,5388354.0,748639.0,515372.0,2039330.0,2790995.0,,1433032.0,233267.0,,678928.0,6050696.0,4995522.0,1326631.0,,22926469.0,,,624139.0,3873921.0,
1999-09,,,853709.0,1055667.0,,1451355.0,,,1460526.0,670459.0,5426934.0,746777.0,513749.0,1938493.0,2771326.0,,1438517.0,233028.0,,643322.0,6215340.0,5238359.0,1310799.0,,22984278.0,,,626087.0,3964379.0,
1999-10,,,872262.0,1181874.0,,1516268.0,,,1567840.0,675395.0,5532904.0,798668.0,552034.0,1961863.0,2933731.0,,1466737.0,246635.0,,626439.0,5526967.0,4597170.0,1365892.0,,22813633.0,,,592785.0,4058396.0,
1999-11,,,826084.0,1131298.0,,1550003.0,,,1765085.0,773459.0,5180385.0,822988.0,546385.0,1874245.0,3298290.0,,1468659.0,276603.0,,601139.0,5609280.0,4727525.0,1533205.0,,22972959.0,,,663213.0,3794890.0,
1999-12,,,1532045.0,996172.0,,2593866.0,,,2620255.0,1219145.0,6707784.0,903133.0,603137.0,2005535.0,4614372.0,,1812126.0,299996.0,,780141.0,5398877.0,4618790.0,1994117.0,,28143999.0,,,1112848.0,4504162.0,
2000-01,,,640505.0,819775.0,,1076417.0,,,971035.0,658408.0,5018487.0,625955.0,441027.0,1835913.0,2143456.0,,1398277.0,184928.0,,514189.0,4645996.0,3948637.0,1172422.0,,19324692.0,,,587820.0,3837372.0,
2000-02,,,676644.0,779912.0,,1000533.0,,,993399.0,633966.0,4912954.0,618775.0,420101.0,1883052.0,2061469.0,,1370461.0,198673.0,,510664.0,4872165.0,4074182.0,1068070.0,,19140440.0,,,496490.0,3697304.0,
2000-03,,,784825.0,990257.0,,1255226.0,,,1202016.0,737410.0,5444293.0,733390.0,507467.0,2113463.0,2462531.0,,1459860.0,225923.0,,556615.0,6611795.0,5558188.0,1260516.0,,22918829.0,,,553988.0,4081048.0,
2000-04,,,825994.0,1056172.0,,1334216.0,,,1345314.0,653924.0,5516610.0,738448.0,519372.0,1996061.0,2657740.0,,1414580.0,219076.0,,552541.0,6415057.0,5254396.0,1312426.0,,22914155.0,,,578808.0,4096972.0,
2000-05,,,860298.0,1546203.0,,1490464.0,,,1399356.0,659562.0,5561414.0,778180.0,530443.0,2238293.0,2988825.0,,1481863.0,247737.0,,682864.0,7618864.0,6250316.0,1589469.0,,25659687.0,,,613155.0,4094355.0,
2000-06,,,970522.0,1535977.0,,1476507.0,,,1424921.0,704820.0,5883706.0,820779.0,571276.0,2364558.0,2958299.0,,1487071.0,249503.0,,674476.0,7406986.0,6125141.0,1533378.0,,25945400.0,,,632221.0,4273191.0,
2000-07,,,1054997.0,1325180.0,,1404095.0,,,1349863.0,689235.0,5956314.0,865213.0,611787.0,2453489.0,2901865.0,,1448098.0,253425.0,,657763.0,6479682.0,5238169.0,1552002.0,,24821347.0,,,640414.0,4239235.0,
2000-08,,,1011993.0,1121714.0,,1552936.0,,,1430899.0,745703.0,5888254.0,827809.0,567620.0,2400038.0,2926345.0,,1484657.0,260190.0,,722432.0,6746908.0,5522105.0,1495446.0,,25102965.0,,,686169.0,4228135.0,
2000-09,,,957542.0,1084348.0,,1659127.0,,,1406043.0,813248.0,5867829.0,839159.0,580543.0,2337004.0,2782707.0,,1468656.0,258616.0,,728143.0,6479754.0,5384471.0,1376664.0,,24710257.0,,,650283.0,4284030.0,
2000-10,,,844802.0,1231757.0,,1547859.0,,,1531616.0,754448.0,5422690.0,831613.0,568750.0,2382243.0,2958503.0,,1503168.0,262863.0,,683775.0,5774781.0,4701463.0,1426887.0,,23687124.0,,,596287.0,3981865.0,
2000-11,,,889285.0,1146191.0,,1690154.0,,,1867157.0,838283.0,5551893.0,872766.0,572526.0,2337026.0,3476808.0,,1526140.0,300240.0,,657875.0,5759560.0,4748095.0,1609651.0,,24556357.0,,,699662.0,4089074.0,
2000-12,,,1589726.0,952527.0,,2705141.0,,,2795101.0,1322776.0,7017036.0,950469.0,637050.0,2335107.0,4886631.0,,1811534.0,313419.0,,820880.0,5091801.0,4225982.0,2091530.0,,29057176.0,,,1163272.0,4754596.0,
2001-01,,,678540.0,841214.0,,1126114.0,,,1050315.0,728363.0,5146684.0,666685.0,454701.0,2131459.0,2193408.0,,1488084.0,211984.0,,568020.0,5113922.0,4262976.0,1143093.0,,20607642.0,,,603689.0,3920839.0,
2001-02,,,711968.0,761966.0,,1028321.0,,,1052749.0,655703.0,5033483.0,621971.0,420814.0,2040135.0,2119868.0,,1420125.0,201157.0,,548574.0,4717146.0,3872031.0,1067119.0,,19444855.0,,,497562.0,3789150.0,
2001-03,,,861201.0,948746.0,,1313799.0,,,1311771.0,797547.0,5858836.0,763938.0,522166.0,2181690.0,2590693.0,,1527841.0,241771.0,,613840.0,6479580.0,5352690.0,1278922.0,,23652255.0,,,575746.0,4394063.0,
2001-04,,,837431.0,1134485.0,,1458314.0,,,1426728.0,652865.0,5451338.0,742228.0,509674.0,2267734.0,2795574.0,,1510923.0,232554.0,,594815.0,7147845.0,5825466.0,1368846.0,,24370700.0,,,614579.0,3999234.0,
2001-05,,,961605.0,1687729.0,,1577709.0,,,1521949.0,651645.0,6094645.0,805479.0,543145.0,2568112.0,3164467.0,,1593437.0,262333.0,,728419.0,8056836.0,6544294.0,1642518.0,,27585889.0,,,657412.0,4465509.0,
2001-06,,,1065334.0,1654610.0,,1522550.0,,,1546702.0,721221.0,6299498.0,869460.0,596614.0,2503641.0,3143607.0,,1572900.0,272847.0,,718614.0,7601654.0,6135307.0,1596906.0,,27243919.0,,,636165.0,4538480.0,
2001-07,,,1101483.0,1434987.0,,1385381.0,,,1441376.0,689743.0,6061089.0,871228.0,603198.0,2364716.0,2993549.0,,1539155.0,268030.0,,680141.0,6839331.0,5530190.0,1552172.0,,25507932.0,,,648612.0,4267739.0,
2001-08,,,1172448.0,1207065.0,,1637858.0,,,1565459.0,767377.0,6395678.0,875356.0,592081.0,2449650.0,3065270.0,,1598239.0,283275.0,,779115.0,6841605.0,5556172.0,1499811.0,,26322941.0,,,705727.0,4520047.0,
2001-09,,,979219.0,1102118.0,,1550507.0,,,1442710.0,770372.0,5965840.0,852226.0,586904.0,2330760.0,2763628.0,,1512995.0,265321.0,,720514.0,6049971.0,4926006.0,1320918.0,,24263969.0,,,645038.0,4340244.0,
2001-10,,,909109.0,1377591.0,,1599887.0,,,1667592.0,771897.0,5741073.0,880674.0,590067.0,2234248.0,3104655.0,,1616880.0,290607.0,,697303.0,6259484.0,5115330.0,1437063.0,,24917747.0,,,634056.0,4197829.0,
2001-11,,,1013917.0,1293527.0,,1761179.0,,,1982019.0,878540.0,5946096.0,985465.0,650154.0,1996980.0,3598503.0,,1659103.0,335312.0,,677988.0,6497968.0,5393577.0,1616483.0,,26048646.0,,,753296.0,4320387.0,
2001-12,,,1600273.0,1057884.0,,2822105.0,,,2982759.0,1446804.0,7054680.0,1081840.0,724767.0,1916985.0,5058824.0,,1954814.0,357072.0,,919526.0,5922224.0,5004190.0,2076065.0,,30481412.0,,,1245725.0,4760562.0,
2002-01,,,770512.0,1007741.0,,1168555.0,,,1157673.0,760679.0,5610689.0,779224.0,524835.0,1898908.0,2353034.0,,1639629.0,254388.0,,596638.0,5919620.0,5002309.0,1195361.0,,22361219.0,,,626503.0,4268437.0,
2002-02,,,780971.0,874332.0,,1079566.0,,,1144456.0,686721.0,5290785.0,703524.0,469152.0,1800408.0,2247085.0,,1547853.0,234372.0,,592551.0,5448848.0,4594564.0,1102629.0,,20787209.0,,,515535.0,3963274.0,
2002-03,,,948078.0,1051298.0,,1309368.0,,,1422589.0,815587.0,6106288.0,841351.0,563896.0,2155505.0,2712879.0,,1657084.0,277455.0,,637954.0,6748363.0,5682010.0,1290290.0,,24642692.0,,,607016.0,4559734.0,
2002-04,,,851734.0,1374391.0,,1489515.0,,,1526386.0,729837.0,5671091.0,857130.0,565894.0,2249679.0,2940045.0,,1653677.0,291236.0,,636821.0,8164524.0,6700421.0,1413658.0,,26405170.0,,,638461.0,4233687.0,
2002-05,,,1045982.0,1831608.0,,1592544.0,,,1616460.0,764875.0,6471169.0,941973.0,643340.0,2412147.0,3277798.0,,1759610.0,298633.0,,698039.0,8650287.0,7012974.0,1661338.0,,29087583.0,,,687532.0,4765481.0,
2002-06,,,1108275.0,1842020.0,,1598448.0,,,1676928.0,750856.0,6410916.0,975916.0,668985.0,2414987.0,3388129.0,,1659417.0,306930.0,,714965.0,7941557.0,6529454.0,1711201.0,,28363263.0,,,666053.0,4632720.0,
2002-07,,,1198991.0,1734880.0,,1462460.0,,,1562204.0,763306.0,6499086.0,974807.0,668387.0,2653225.0,3239337.0,,1673123.0,306420.0,,699130.0,7539491.0,6122791.0,1677133.0,,27912328.0,,,673483.0,4594580.0,
2002-08,,,1284169.0,1378067.0,,1701471.0,,,1662401.0,852775.0,6920605.0,996868.0,682973.0,2708889.0,3241439.0,,1703966.0,313896.0,,794126.0,7164708.0,5871132.0,1579038.0,,28202300.0,,,739386.0,4909866.0,
2002-09,,,1004013.0,1359548.0,,1553675.0,,,1486677.0,840774.0,5952873.0,948528.0,642442.0,2474045.0,2914392.0,,1638849.0,306086.0,,772274.0,6908700.0,5736149.0,1427715.0,,26054411.0,,,690753.0,4300894.0,
2002-10,,,989730.0,1629053.0,,1691850.0,,,1760766.0,839718.0,6250861.0,974353.0,642113.0,2558601.0,3275532.0,,1714087.0,332240.0,,736162.0,6790607.0,5622829.0,1514766.0,,27131743.0,,,670917.0,4612928.0,
2002-11,,,1092942.0,1440517.0,,1820361.0,,,2115947.0,964617.0,6375328.0,1041006.0,673798.0,2415613.0,3759491.0,,1722764.0,367208.0,,712971.0,6260552.0,5217400.0,1643544.0,,27276942.0,,,763721.0,4651172.0,
2002-12,,,1621256.0,1228016.0,,2677736.0,,,2980057.0,1559057.0,7174994.0,1133801.0,721470.0,2396385.0,5070367.0,,2040379.0,412331.0,,871132.0,5926808.0,5069009.0,2090310.0,,31300554.0,,,1221881.0,4850865.0,
2003-01,,,843020.0,1042514.0,,1226693.0,,,1217517.0,786639.0,6106603.0,804219.0,531788.0,2437188.0,2491774.0,,1706763.0,272431.0,,567446.0,5488721.0,4632108.0,1274256.0,,23301871.0,,,643310.0,4675012.0,
2003-02,,,817286.0,971319.0,,1071466.0,,,1189574.0,681424.0,5565783.0,730708.0,476678.0,2460080.0,2345382.0,,1583001.0,254030.0,,564729.0,5489162.0,4631699.0,1155807.0,,21980804.0,,,517749.0,4185994.0,
2003-03,,,904422.0,1134719.0,,1317039.0,,,1425909.0,816145.0,6127818.0,866442.0,569620.0,2678969.0,2729640.0,,1694929.0,296822.0,,621605.0,6880628.0,5797163.0,1303731.0,,25468203.0,,,600270.0,4594954.0,
2003-04,,,941787.0,1567775.0,,1468947.0,,,1551103.0,755167.0,6308732.0,876626.0,582788.0,2357809.0,3015239.0,,1708622.0,293838.0,,631417.0,7736457.0,6322895.0,1464135.0,,27059495.0,,,632706.0,4673506.0,
2003-05,,,1120298.0,2027545.0,,1700392.0,,,1736732.0,813206.0,6963852.0,1000036.0,674597.0,2422819.0,3532754.0,,1793269.0,325440.0,,745554.0,8738995.0,7139739.0,1796022.0,,30417563.0,,,679139.0,5096782.0,
2003-06,,,1103545.0,1907187.0,,1609872.0,,,1692559.0,811589.0,6512851.0,1021941.0,712556.0,2444400.0,3448334.0,,1734539.0,309385.0,,758828.0,7994902.0,6563911.0,1755775.0,,28912102.0,,,667659.0,4673039.0,
2003-07,,,1262517.0,1943772.0,,1492571.0,,,1608188.0,837723.0,6949743.0,1057133.0,727772.0,2638202.0,3370891.0,,1764395.0,329361.0,,743236.0,8010913.0,6520124.0,1762703.0,,29492832.0,,,684253.0,4907255.0,
2003-08,,,1328136.0,1817768.0,,1668830.0,,,1734070.0,912322.0,7082507.0,1066020.0,741852.0,2807122.0,3381804.0,,1742032.0,324168.0,,814735.0,7065232.0,5801889.0,1647734.0,,29102135.0,,,743762.0,4980165.0,
2003-09,,,1039964.0,1792185.0,,1602385.0,,,1569401.0,917535.0,6233374.0,1021619.0,682201.0,2576201.0,3058018.0,,1747197.0,339419.0,,805699.0,6996866.0,5811081.0,1488617.0,,27467571.0,,,716494.0,4499904.0,
2003-10,,,1078337.0,1802784.0,,1727920.0,,,1831834.0,910256.0,6670234.0,1067767.0,700955.0,2511802.0,3441370.0,,1848705.0,366812.0,,840975.0,6696753.0,5465278.0,1609536.0,,28223631.0,,,705065.0,4866194.0,
2003-11,,,1115904.0,1524396.0,,1832316.0,,,2167280.0,1006815.0,6460263.0,1130403.0,728127.0,2278337.0,3935015.0,,1769983.0,402275.0,,806328.0,5856923.0,4779665.0,1767735.0,,27391422.0,,,790644.0,4668362.0,
2003-12,,,1738529.0,1379263.0,,2752477.0,,,3076661.0,1724787.0,7557470.0,1252435.0,794825.0,2338348.0,5260800.0,,2173131.0,457610.0,,970136.0,5621924.0,4718030.0,2184139.0,,32325789.0,,,1295019.0,5052901.0,
2004-01,4444205.0,280705.0,899753.0,1129499.0,,1242784.0,960576.0,447239.0,,808842.0,6608592.0,882172.0,598158.0,2370253.0,2648234.0,5494535.0,1823803.0,284014.0,134143.0,628714.0,4975621.0,4159021.0,,250711.0,23778728.0,148065.0,214305.0,660214.0,5047295.0,285184.0
2004-02,4934202.0,247888.0,867151.0,1091473.0,,1158379.0,877965.0,411961.0,,719300.0,5933927.0,853696.0,565842.0,2319816.0,2524296.0,4837660.0,1738686.0,287854.0,151297.0,619631.0,5507733.0,4634683.0,,325642.0,23008594.0,129116.0,229116.0,541659.0,4425700.0,299519.0
2004-03,6617864.0,319222.0,975563.0,1407797.0,,1392965.0,1095589.0,444903.0,,822713.0,6330881.0,972997.0,635460.0,2528679.0,2891595.0,5107575.0,1848571.0,337537.0,126751.0,725010.0,7440474.0,6257284.0,,503388.0,26967793.0,170625.0,247743.0,606110.0,4662672.0,360580.0
2004-04,6729805.0,361509.0,1036310.0,1730586.0,,1572851.0,1226270.0,475353.0,,760285.0,6680245.0,1000160.0,662403.0,2525638.0,3294099.0,5364622.0,1836463.0,337756.0,138031.0,717873.0,7817974.0,6342229.0,,726660.0,28592026.0,208549.0,279313.0,655854.0,4889270.0,387576.0
2004-05,6756165.0,360832.0,1163263.0,2180485.0,,1701509.0,1308329.0,492013.0,,795417.0,7036409.0,1056395.0,709560.0,2938924.0,3577396.0,5582669.0,1858971.0,346835.0,168034.0,787527.0,7893404.0,6389334.0,,776407.0,30479247.0,225147.0,290478.0,652809.0,5090655.0,366832.0
2004-06,7097549.0,362680.0,1162259.0,2234343.0,,1613407.0,1237837.0,505310.0,,809904.0,6939964.0,1080018.0,714384.0,2910526.0,3568797.0,5478497.0,1885449.0,365634.0,168390.0,807165.0,8187990.0,6699142.0,,727762.0,30711705.0,207180.0,299208.0,674141.0,4973187.0,398407.0
2004-07,6622928.0,361206.0,1430899.0,2084717.0,,1616768.0,1251684.0,549712.0,,855533.0,7704711.0,1129221.0,757976.0,2993900.0,3573474.0,5961651.0,1858440.0,371246.0,164608.0,760860.0,7624785.0,6251909.0,,640652.0,30898334.0,200476.0,312161.0,695925.0,5411939.0,371020.0
2004-08,6257379.0,375748.0,1222332.0,1948485.0,,1668658.0,1294562.0,537856.0,,909767.0,6927060.0,1117653.0,745669.0,2982171.0,3397922.0,5408011.0,1864687.0,371983.0,166037.0,826219.0,7161652.0,5874920.0,,528524.0,29535183.0,208060.0,296718.0,730909.0,4870155.0,382459.0
2004-09,6212066.0,388044.0,1154784.0,1957802.0,,1707477.0,1343409.0,491724.0,,956882.0,6934824.0,1126261.0,751065.0,2825919.0,3224767.0,5498455.0,1873607.0,375196.0,149008.0,861229.0,7044654.0,5840583.0,,444544.0,29245397.0,215061.0,281584.0,731975.0,5006731.0,371483.0
2004-10,5771944.0,445560.0,1182120.0,1916042.0,,1764559.0,1398389.0,496797.0,,921232.0,7135522.0,1168522.0,772595.0,2990853.0,3602537.0,5669989.0,1933347.0,395928.0,147245.0,773129.0,6592105.0,5390047.0,,374602.0,29445711.0,218925.0,283413.0,647863.0,5173192.0,381897.0
2004-11,5733447.0,460454.0,1082357.0,1792968.0,,1827698.0,1448012.0,449273.0,,1039635.0,6713505.0,1201850.0,760603.0,2760156.0,3937907.0,5367287.0,1948369.0,441247.0,177384.0,733923.0,6533321.0,5383770.0,,339420.0,29232659.0,202301.0,263861.0,743326.0,4918014.0,349677.0
2004-12,5235975.0,363396.0,1619010.0,1506701.0,,2920649.0,2171263.0,495625.0,,1872248.0,8209803.0,1345865.0,832525.0,2773923.0,5448684.0,6219238.0,2305830.0,513340.0,470566.0,994627.0,5940935.0,4941439.0,,341564.0,34561103.0,278821.0,371556.0,1241839.0,5723613.0,294536.0
2005-01,4580427.0,288242.0,831055.0,1202435.0,,1260790.0,997001.0,452371.0,,865736.0,6569570.0,937412.0,629335.0,2634531.0,2774537.0,5506063.0,1856942.0,308077.0,118536.0,628122.0,5133701.0,4314998.0,,265032.0,24498615.0,145253.0,232452.0,634840.0,5053692.0,265430.0
2005-02,5202299.0,258171.0,880916.0,1190131.0,,1189324.0,909507.0,432486.0,,790719.0,6127543.0,880253.0,582726.0,2560185.0,2558370.0,5002593.0,1779853.0,297527.0,149097.0,624405.0,5799361.0,4881230.0,,338891.0,24028226.0,130720.0,244034.0,528083.0,4570107.0,321070.0
2005-03,6672741.0,323525.0,1047212.0,1459664.0,,1450763.0,1147968.0,475857.0,,914263.0,6937744.0,1008190.0,663512.0,2945095.0,3086078.0,5607022.0,1951367.0,344678.0,133336.0,749753.0,7476914.0,6318124.0,,480648.0,28600602.0,169459.0,283510.0,620771.0,5131165.0,354617.0
2005-04,7176381.0,402190.0,1074036.0,1903419.0,,1714417.0,1336248.0,493421.0,,866108.0,7000678.0,1075063.0,722230.0,2944469.0,3402833.0,5636677.0,1916973.0,352833.0,144266.0,712471.0,8388396.0,6777089.0,,809825.0,30600811.0,233903.0,289965.0,675984.0,5143257.0,399292.0
2005-05,7248797.0,397769.0,1154329.0,2439524.0,,1721895.0,1327839.0,513565.0,,866757.0,7191073.0,1078071.0,717365.0,3086723.0,3606173.0,5722047.0,1946478.0,360706.0,172445.0,788082.0,8551384.0,6850997.0,,904817.0,31948565.0,221611.0,314697.0,672407.0,5208482.0,397800.0
2005-06,7712201.0,394108.0,1258070.0,2386704.0,,1743358.0,1358679.0,536437.0,,911584.0,7396856.0,1116798.0,745525.0,3237172.0,3798638.0,5820126.0,1930708.0,371273.0,166847.0,845463.0,8911241.0,7307908.0,,804932.0,32967426.0,217832.0,318660.0,688902.0,5283689.0,404293.0
2005-07,7228054.0,389054.0,1477366.0,2162050.0,,1649850.0,1280633.0,577044.0,,929311.0,7948283.0,1154632.0,789544.0,3419818.0,3670858.0,6142947.0,1890011.0,365088.0,168513.0,757318.0,8320025.0,6849743.0,,702917.0,32620077.0,200704.0,327970.0,717921.0,5565903.0,378311.0
2005-08,6996063.0,397155.0,1292614.0,2131652.0,,1721079.0,1325287.0,546810.0,,1010340.0,7290510.0,1181754.0,782944.0,3643721.0,3511149.0,5686687.0,1945118.0,398810.0,170689.0,846149.0,7994167.0,6600279.0,,600949.0,32025283.0,225103.0,311208.0,749643.0,5139877.0,395784.0
2005-09,5977268.0,426390.0,1201151.0,2118400.0,,1778874.0,1395086.0,511995.0,,1042671.0,7311665.0,1176973.0,792009.0,3630544.0,3375428.0,5815107.0,1980408.0,384964.0,157939.0,874057.0,6873586.0,5622204.0,,469927.0,30914826.0,225849.0,295407.0,752220.0,5303112.0,355064.0
2005-10,5606856.0,447753.0,1157967.0,2025834.0,,1798777.0,1426095.0,496780.0,,979153.0,7076693.0,1215967.0,805803.0,3477826.0,3723571.0,5619744.0,2000915.0,410164.0,146278.0,800284.0,6455597.0,5276366.0,,400988.0,30241532.0,226404.0,298982.0,686915.0,5122963.0,330490.0
2005-11,5994190.0,518485.0,1140953.0,1962942.0,,1939482.0,1519151.0,462707.0,,1102813.0,6899929.0,1266560.0,785725.0,3101433.0,4121291.0,5483354.0,2039986.0,480835.0,182413.0,765361.0,6843331.0,5673685.0,,330656.0,30828069.0,237918.0,275621.0,784941.0,5020647.0,320505.0
2005-12,5420017.0,410839.0,1849857.0,1616441.0,,3079812.0,2304074.0,513698.0,,2025429.0,8816420.0,1470881.0,896733.0,3146078.0,5677788.0,6603122.0,2429124.0,574148.0,484985.0,1031726.0,6155770.0,5129887.0,,324913.0,36726743.0,290754.0,363441.0,1277274.0,6089424.0,290130.0
2006-01,4982663.0,333312.0,858726.0,1376930.0,,1291647.0,1015372.0,432575.0,,959913.0,6365784.0,1064210.0,698371.0,3033602.0,2936934.0,5252407.0,1968049.0,365838.0,130993.0,676022.0,5620066.0,4680424.0,,304091.0,25993203.0,145281.0,254651.0,700047.0,4819832.0,302239.0
2006-02,5082039.0,303309.0,927760.0,1312405.0,,1236928.0,939837.0,422894.0,,873979.0,6322816.0,978472.0,641937.0,2796508.0,2737918.0,5142072.0,1905736.0,336536.0,163840.0,666901.0,5747381.0,4785956.0,,362032.0,25128165.0,133251.0,252983.0,549121.0,4719179.0,296083.0
2006-03,7087022.0,384771.0,1116182.0,1676119.0,,1598465.0,1256238.0,469152.0,,1004419.0,7175637.0,1150315.0,741410.0,3254291.0,3288251.0,5772336.0,2120536.0,408905.0,155150.0,808567.0,8031413.0,6691302.0,,559620.0,30760061.0,187077.0,287120.0,652047.0,5303184.0,395721.0
2006-04,7141599.0,432873.0,1136847.0,2007353.0,,1790436.0,1400311.0,496518.0,,899882.0,7195955.0,1121690.0,740926.0,3470054.0,3654424.0,5738599.0,2038581.0,380765.0,155166.0,777540.0,8439893.0,6697781.0,,865422.0,32106585.0,234959.0,320509.0,710777.0,5242082.0,443818.0
2006-05,7684543.0,494469.0,1223823.0,2695093.0,,1879514.0,1455809.0,524224.0,,957310.0,7478652.0,1198687.0,776892.0,3712593.0,3981789.0,5923397.0,2197575.0,421795.0,185688.0,874754.0,9194832.0,7215228.0,,1015820.0,34894460.0,238017.0,331432.0,723662.0,5399173.0,469315.0
2006-06,7562030.0,461545.0,1351703.0,2625832.0,,1860695.0,1445147.0,551160.0,,1000174.0,7773333.0,1239487.0,807640.0,3792991.0,3962836.0,6086374.0,2201194.0,431847.0,188047.0,912714.0,8957525.0,7143816.0,,933951.0,35049112.0,227501.0,335257.0,722332.0,5535214.0,418214.0
2006-07,7195380.0,447587.0,1462983.0,2401787.0,,1723663.0,1339499.0,571804.0,,1013885.0,7925030.0,1249747.0,836287.0,4019280.0,3872882.0,6121800.0,2108177.0,413460.0,175696.0,820612.0,8473760.0,6778968.0,,830793.0,34341547.0,208468.0,340247.0,732724.0,5549996.0,416412.0
2006-08,7600084.0,459528.0,1392196.0,2398493.0,,1860669.0,1423405.0,566822.0,,1105427.0,7796058.0,1290788.0,848312.0,4089460.0,3804864.0,6069469.0,2187734.0,442476.0,192711.0,917630.0,8805666.0,7187071.0,,746055.0,35045180.0,244553.0,334393.0,788390.0,5502646.0,413013.0
2006-09,6645241.0,443938.0,1310733.0,2288858.0,,2041973.0,1604930.0,535037.0,,1153184.0,7707091.0,1283048.0,848969.0,3278364.0,3688506.0,6075420.0,2197103.0,434079.0,173246.0,942373.0,7669056.0,6259227.0,,579877.0,33056559.0,263797.0,320938.0,807004.0,5540383.0,386013.0
2006-10,6257142.0,514393.0,1179425.0,2245817.0,,1926291.0,1521071.0,497938.0,,1061714.0,7181822.0,1280778.0,835679.0,3234395.0,3872142.0,5679141.0,2227007.0,445099.0,158236.0,851038.0,7229966.0,5875004.0,,458431.0,31830349.0,246985.0,323256.0,719379.0,5181203.0,382138.0
2006-11,6352754.0,550605.0,1246716.0,2096313.0,,2073837.0,1615573.0,475530.0,,1187506.0,7302851.0,1364845.0,845861.0,3137636.0,4296541.0,5747858.0,2281432.0,518984.0,221294.0,820543.0,7283370.0,5957375.0,,380011.0,32663281.0,236970.0,308276.0,818409.0,5272328.0,395379.0
2006-12,5798780.0,416020.0,1935654.0,1725018.0,,3337117.0,2471946.0,519045.0,,2157689.0,8995055.0,1532618.0,933543.0,3266611.0,5925520.0,6664161.0,2680468.0,599076.0,544381.0,1096581.0,6561150.0,5451033.0,,346350.0,38605976.0,320790.0,395240.0,1328149.0,6145116.0,347746.0
2007-01,5311860.0,356637.0,936080.0,1538035.0,,1451417.0,1137202.0,450729.0,,1033348.0,6711413.0,1124204.0,733235.0,3112400.0,3102721.0,5481672.0,2249954.0,390969.0,145634.0,741316.0,5998691.0,4969562.0,,330193.0,27777968.0,168582.0,293661.0,714469.0,5030943.0,342298.0
2007-02,5168807.0,330254.0,989373.0,1406378.0,,1312380.0,997138.0,428748.0,,926646.0,6591192.0,1041035.0,655457.0,3100193.0,2866478.0,5316468.0,2131119.0,385578.0,175635.0,688771.0,5892460.0,4833865.0,,393399.0,26548520.0,139606.0,285351.0,591868.0,4887719.0,334942.0
2007-03,7251054.0,409035.0,1224026.0,1750055.0,,1730263.0,1368862.0,513226.0,,1093899.0,7680057.0,1256093.0,799776.0,3686165.0,3450313.0,6134364.0,2347539.0,456317.0,161493.0,853240.0,8251618.0,6833751.0,,591529.0,32818504.0,199908.0,321667.0,719264.0,5621138.0,417303.0
2007-04,7755637.0,437385.0,1189503.0,2111598.0,,1820374.0,1424038.0,526681.0,,998998.0,7264543.0,1237813.0,798125.0,3704779.0,3660615.0,5741471.0,2222606.0,439688.0,167997.0,791552.0,9062331.0,7268105.0,,869309.0,33621240.0,228339.0,333570.0,746032.0,5214790.0,487532.0
2007-05,8706696.0,521264.0,1350780.0,2965716.0,,2043026.0,1584793.0,579912.0,,1046930.0,8109319.0,1309972.0,839797.0,4156959.0,4227268.0,6393934.0,2396014.0,470175.0,201102.0,935837.0,10466710.0,8186622.0,,1238751.0,38434319.0,257131.0,364605.0,776568.0,5814023.0,520074.0
2007-06,8025907.0,457146.0,1524274.0,2830311.0,,2007550.0,1567229.0,606452.0,,1095459.0,8409794.0,1327237.0,849756.0,4079660.0,4208353.0,6522662.0,2340116.0,477481.0,202719.0,971690.0,9520324.0,7570224.0,,1037272.0,37555708.0,237603.0,362858.0,765213.0,5916211.0,455683.0
2007-07,7442135.0,450961.0,1490885.0,2597024.0,,1805247.0,1403117.0,610078.0,,1097219.0,7974968.0,1367108.0,889826.0,4162354.0,3940105.0,6124799.0,2272002.0,477282.0,195589.0,857220.0,8815987.0,6955416.0,,922891.0,35635889.0,206541.0,359283.0,746656.0,5514721.0,486720.0
2007-08,7804548.0,447908.0,1568307.0,2568938.0,,2073282.0,1589590.0,624830.0,,1256755.0,8291696.0,1399492.0,899841.0,4063625.0,3989834.0,6376010.0,2411031.0,499651.0,217067.0,1004853.0,9075341.0,7338244.0,,822885.0,36978090.0,266625.0,347379.0,843243.0,5751180.0,466304.0
2007-09,6543111.0,438959.0,1371479.0,2408900.0,,2023559.0,1598103.0,580241.0,,1199112.0,7797489.0,1357781.0,885810.0,3730146.0,3803262.0,6095349.0,2321984.0,471971.0,187482.0,1006280.0,7568008.0,6130185.0,,585937.0,34057842.0,237974.0,330662.0,841322.0,5515108.0,412926.0
2007-10,6597578.0,535749.0,1267750.0,2471577.0,,2007441.0,1594174.0,546461.0,,1142545.0,7545513.0,1389231.0,880513.0,3782576.0,3958823.0,5943342.0,2439373.0,508718.0,174469.0,944754.0,7629596.0,6153112.0,,496270.0,34070363.0,238797.0,334421.0,758933.0,5396881.0,444466.0
2007-11,6217605.0,607802.0,1388024.0,2226100.0,,2263605.0,1776778.0,528392.0,,1333391.0,7862527.0,1431126.0,884233.0,3956093.0,4580126.0,6146013.0,2446996.0,546893.0,226827.0,890039.0,7234731.0,5822414.0,,409323.0,35091406.0,260000.0,328489.0,866673.0,5617621.0,395191.0
2007-12,5771607.0,470989.0,1936693.0,1776820.0,,3305167.0,2465868.0,551661.0,,2272765.0,8990742.0,1557327.0,931887.0,3931732.0,6209161.0,6648460.0,2791854.0,625440.0,527388.0,1136592.0,6653745.0,5426723.0,,411150.0,40006665.0,311911.0,405590.0,1380761.0,6096799.0,344884.0
2008-01,5782597.0,426662.0,1039460.0,1643932.0,,1515555.0,1192461.0,501109.0,,1135448.0,7310713.0,1193884.0,765666.0,3861195.0,3297378.0,5960077.0,2393209.0,428218.0,158649.0,807474.0,6631849.0,5404626.0,,422590.0,30525699.0,164445.0,311176.0,735062.0,5458968.0,377970.0
2008-02,5698261.0,368121.0,1120481.0,1537545.0,,1437794.0,1094357.0,490329.0,,1040836.0,7245167.0,1107375.0,701955.0,3787647.0,3091515.0,5811035.0,2304961.0,405420.0,194892.0,733217.0,6522893.0,5303573.0,,456511.0,29418898.0,148545.0,313651.0,609947.0,5320706.0,394688.0
2008-03,6901392.0,400847.0,1238143.0,1729509.0,,1649493.0,1316255.0,529967.0,,1130436.0,7693320.0,1210058.0,773596.0,4143371.0,3559236.0,6118978.0,2370018.0,436462.0,164067.0,871713.0,7855539.0,6438169.0,,553300.0,32925876.0,169171.0,336198.0,713184.0,5589011.0,463222.0
2008-04,8422061.0,531550.0,1224213.0,2257528.0,,1934111.0,1526277.0,536204.0,,1087763.0,7577279.0,1272149.0,815322.0,4310834.0,3951443.0,6008934.0,2384991.0,456826.0,176706.0,855530.0,9855060.0,7807552.0,,901449.0,36272111.0,231128.0,344133.0,785424.0,5472729.0,614509.0
2008-05,8156728.0,523361.0,1531245.0,2987637.0,,2100820.0,1629410.0,601062.0,,1160906.0,8771147.0,1350250.0,880850.0,4892001.0,4465735.0,6857201.0,2513624.0,469400.0,221532.0,961375.0,9763842.0,7597157.0,,1083752.0,39778972.0,249879.0,382701.0,811636.0,6256139.0,559571.0
2008-06,7445564.0,487214.0,1487157.0,2857570.0,,1997062.0,1560930.0,597693.0,,1149184.0,8102702.0,1345905.0,870401.0,5027097.0,4335682.0,6246058.0,2382280.0,475505.0,205202.0,977349.0,8878370.0,6928410.0,,945592.0,37842321.0,230930.0,369487.0,789120.0,5648365.0,517154.0
2008-07,7447432.0,517467.0,1638997.0,2842272.0,,1876429.0,1464197.0,662125.0,,1230985.0,8668684.0,1431105.0,936536.0,5286211.0,4275092.0,6655833.0,2417939.0,494570.0,199261.0,934548.0,8874651.0,6911020.0,,909752.0,38632038.0,212970.0,373854.0,794122.0,5993708.0,536412.0
2008-08,6808814.0,473949.0,1673550.0,2575500.0,,2042860.0,1567292.0,648185.0,,1351066.0,8772758.0,1427129.0,943463.0,5030268.0,4221442.0,6727122.0,2430416.0,483666.0,218733.0,1037983.0,8033639.0,6305868.0,,750876.0,37775417.0,256836.0,372086.0,852356.0,6078936.0,502946.0
2008-09,6719960.0,526582.0,1343485.0,2600556.0,,2025374.0,1595566.0,582137.0,,1317905.0,7907536.0,1390840.0,903879.0,4707763.0,4030067.0,6210738.0,2419045.0,486961.0,184269.0,1056399.0,7854710.0,6245268.0,,608169.0,36138751.0,245540.0,353312.0,828555.0,5628601.0,474691.0
2008-10,6438020.0,643943.0,1429173.0,2515870.0,,2056291.0,1615442.0,591111.0,,1213882.0,8484383.0,1336353.0,857512.0,4334068.0,4319358.0,6705861.0,2542444.0,478842.0,176432.0,968122.0,7622818.0,5950352.0,,540855.0,36158245.0,264417.0,349350.0,764654.0,6114750.0,487669.0
2008-11,5485388.0,649784.0,1434841.0,2191559.0,,2208216.0,1733026.0,545985.0,,1360647.0,8216333.0,1351377.0,862465.0,3378649.0,4774188.0,6435762.0,2439037.0,488912.0,216259.0,910571.0,6540910.0,5077761.0,,405739.0,34230901.0,258931.0,345730.0,859412.0,5889777.0,407627.0
2008-12,4862789.0,521859.0,1903994.0,1786037.0,,3123204.0,2335346.0,558755.0,,2352961.0,9182909.0,1410132.0,860101.0,3031463.0,6251438.0,6862876.0,2870560.0,550031.0,478552.0,1137043.0,5744530.0,4483760.0,,359882.0,38256712.0,309306.0,416038.0,1366435.0,6304121.0,379029.0
2009-01,4609046.0,401482.0,1159457.0,1471214.0,,1495629.0,1175263.0,485920.0,,1145851.0,8201650.0,1058371.0,709498.0,3001119.0,3473564.0,6712776.0,2463168.0,348873.0,148395.0,802622.0,5329663.0,4232093.0,,319135.0,29192654.0,171971.0,329417.0,749803.0,6226856.0,376953.0
2009-02,4464968.0,331191.0,1110341.0,1440330.0,,1331766.0,1019366.0,450701.0,,966058.0,7302906.0,924128.0,602487.0,2880671.0,3108121.0,5874302.0,2284345.0,321641.0,174805.0,763940.0,5199177.0,4114607.0,,403018.0,26804723.0,137595.0,318264.0,603281.0,5423601.0,350361.0
2009-03,6332194.0,404195.0,1234606.0,1735009.0,,1606701.0,1273367.0,504963.0,,1077629.0,7841649.0,1101756.0,716280.0,3140695.0,3589266.0,6256829.0,2440890.0,385477.0,152002.0,856367.0,7252991.0,5852215.0,,516602.0,31356949.0,181332.0,350214.0,713995.0,5751866.0,479979.0
2009-04,6930080.0,504214.0,1314536.0,2185598.0,,1805196.0,1415131.0,539295.0,,1005200.0,8305243.0,1084480.0,704653.0,3191006.0,4101205.0,6605710.0,2433211.0,379827.0,159010.0,859595.0,8170138.0,6405072.0,,735844.0,33942769.0,231055.0,384996.0,801899.0,6066415.0,525008.0
2009-05,7251044.0,523679.0,1583740.0,2897632.0,,2002685.0,1554329.0,596379.0,,1059184.0,9039926.0,1175700.0,774326.0,3597180.0,4531574.0,7052632.0,2574992.0,401374.0,202331.0,939284.0,8668931.0,6684704.0,,894207.0,37316515.0,246025.0,403554.0,829428.0,6456253.0,566340.0
2009-06,7277015.0,517627.0,1558368.0,2903549.0,,1892710.0,1481981.0,600804.0,,1105403.0,8603271.0,1188030.0,769545.0,3821672.0,4382067.0,6646310.0,2548677.0,418485.0,188123.0,967355.0,8632840.0,6717575.0,,838199.0,36865690.0,222605.0,398593.0,820115.0,6045507.0,559439.0
2009-07,7053390.0,510892.0,1770634.0,2787962.0,,1818466.0,1415498.0,644952.0,,1155263.0,9156531.0,1277015.0,855433.0,3892185.0,4354906.0,6977926.0,2590194.0,421582.0,186269.0,918026.0,8403966.0,6525587.0,,839684.0,37191480.0,216699.0,407970.0,836967.0,6332975.0,527803.0
2009-08,6754473.0,476421.0,1629990.0,2540765.0,,1947557.0,1503198.0,631505.0,,1210362.0,8663403.0,1279920.0,864383.0,3915334.0,4205125.0,6638863.0,2523252.0,415536.0,197379.0,1027516.0,7858317.0,6240600.0,,627423.0,36049418.0,246980.0,394549.0,877868.0,6007358.0,513873.0
2009-09,6712147.0,527958.0,1432064.0,2596653.0,,1958255.0,1533548.0,599469.0,,1222126.0,8324005.0,1278049.0,849833.0,3723130.0,4136521.0,6521755.0,2551234.0,428215.0,170172.0,1067715.0,7779512.0,6198769.0,,539407.0,35537357.0,254535.0,370186.0,900156.0,5922286.0,513378.0
2009-10,6550352.0,648612.0,1489209.0,2544482.0,,2078681.0,1637131.0,604602.0,,1140733.0,8770532.0,1310201.0,860537.0,3700792.0,4500320.0,6910144.0,2651962.0,449664.0,162327.0,984199.0,7635546.0,6042232.0,,436582.0,36133694.0,279222.0,371180.0,816246.0,6305542.0,508120.0
2009-11,5765907.0,637313.0,1364672.0,2313995.0,,2055159.0,1629758.0,555833.0,,1284477.0,7964940.0,1322193.0,842496.0,3591847.0,4699568.0,6244705.0,2566582.0,479698.0,192244.0,943505.0,6760934.0,5295984.0,,357713.0,34354756.0,233157.0,355563.0,851556.0,5688872.0,469924.0
2009-12,5849008.0,577554.0,1972088.0,1937248.0,,3207351.0,2397836.0,590557.0,,2357573.0,9491704.0,1469013.0,930242.0,3652554.0,6484974.0,7066053.0,2986298.0,538771.0,479335.0,1186936.0,6778259.0,5414258.0,,351697.0,40969765.0,330180.0,453563.0,1417854.0,6475496.0,434750.0
2010-01,4919013.0,388998.0,1182091.0,1751053.0,,1525994.0,1192225.0,497277.0,,1101206.0,8108579.0,1137733.0,755115.0,3639699.0,3657270.0,6598950.0,2555815.0,382618.0,151740.0,812942.0,5605404.0,4546823.0,,297394.0,30668321.0,182030.0,327538.0,772623.0,6101673.0,372190.0
2010-02,5156686.0,361939.0,1178434.0,1519774.0,,1415698.0,1089265.0,463735.0,,944092.0,7422793.0,982291.0,657106.0,3406697.0,3277060.0,5908171.0,2410661.0,325185.0,178637.0,754017.0,5887718.0,4780698.0,,369093.0,28632551.0,147796.0,336188.0,611748.0,5444436.0,375988.0
2010-03,7501822.0,496092.0,1288298.0,2035412.0,,1825917.0,1442400.0,517455.0,,1106199.0,8084441.0,1178215.0,768250.0,3915397.0,3906718.0,6402121.0,2690003.0,409965.0,163383.0,870995.0,8588620.0,7000321.0,,590707.0,34967182.0,220133.0,394021.0,765266.0,5884666.0,501501.0
2010-04,7603569.0,571098.0,1408994.0,2390528.0,,1922788.0,1497643.0,543648.0,,1060684.0,8569351.0,1162832.0,743700.0,3881808.0,4320372.0,6756787.0,2635866.0,419131.0,174732.0,854898.0,8894327.0,7074105.0,,719660.0,36469949.0,250413.0,403570.0,776496.0,6213139.0,529464.0
2010-05,7521143.0,508544.0,1526343.0,2906407.0,,2093196.0,1621789.0,573958.0,,1064068.0,8911228.0,1239978.0,801693.0,4140854.0,4705795.0,6962878.0,2723637.0,438285.0,215614.0,922805.0,8928056.0,7001829.0,,898369.0,38424455.0,255793.0,422006.0,788431.0,6388920.0,519314.0
2010-06,8030943.0,526636.0,1564005.0,2957157.0,,2005849.0,1570417.0,588826.0,,1194256.0,8889430.0,1326660.0,831590.0,4164327.0,4538065.0,6903417.0,2657466.0,495069.0,200817.0,955626.0,9465127.0,7476575.0,,907547.0,38973462.0,234615.0,422007.0,819499.0,6314591.0,554368.0
2010-07,7453556.0,504600.0,1900637.0,2684243.0,,1957721.0,1532105.0,623546.0,,1211784.0,9716709.0,1259735.0,848455.0,4364011.0,4591498.0,7393084.0,2640534.0,411279.0,198653.0,881550.0,8794527.0,6934637.0,,836371.0,38932294.0,226963.0,422988.0,829983.0,6769539.0,518919.0
2010-08,7333252.0,504703.0,1591760.0,2517671.0,,2018851.0,1570324.0,598269.0,,1294178.0,8740323.0,1265908.0,837339.0,4322204.0,4324557.0,6733892.0,2608303.0,428570.0,196248.0,955116.0,8501476.0,6812766.0,,663520.0,37395330.0,252280.0,414671.0,846743.0,6135623.0,520487.0
2010-09,7061286.0,541365.0,1496588.0,2426951.0,,2130333.0,1678111.0,559422.0,,1306151.0,8681446.0,1278563.0,842560.0,4061399.0,4391647.0,6782115.0,2609933.0,436003.0,176362.0,986163.0,8133941.0,6571917.0,,531290.0,36923390.0,275860.0,402743.0,916861.0,6222693.0,489369.0
2010-10,6667333.0,651466.0,1540845.0,2342211.0,,2130707.0,1680719.0,565169.0,,1243005.0,8855903.0,1329682.0,848340.0,4293686.0,4569809.0,6909421.0,2710541.0,481342.0,178477.0,916364.0,7790331.0,6174296.0,,471532.0,37014326.0,271511.0,405636.0,832086.0,6344252.0,493038.0
2010-11,6783016.0,795000.0,1451674.0,2282470.0,,2306557.0,1818588.0,541020.0,,1407615.0,8371473.0,1356083.0,829293.0,4225002.0,4979054.0,6531576.0,2745392.0,526790.0,225359.0,879970.0,7913604.0,6324355.0,,335588.0,37408825.0,262610.0,388223.0,941606.0,5990556.0,458661.0
2010-12,6124452.0,545919.0,2125430.0,1795637.0,,3513752.0,2628937.0,553255.0,,2428579.0,9886433.0,1517731.0,922045.0,4483091.0,6663940.0,7242820.0,3179125.0,595685.0,545233.0,1147271.0,7036465.0,5726200.0,,366094.0,43147947.0,339583.0,518182.0,1495924.0,6689565.0,398251.0
2011-01,5137678.0,414320.0,1147526.0,1507220.0,,1530391.0,1194907.0,491430.0,1780632.0,1153184.0,7949928.0,1095674.0,705381.0,4249175.0,3740527.0,6456585.0,2594868.0,390293.0,153662.0,769876.0,5834671.0,4768909.0,1959895.0,282673.0,31191594.0,181823.0,345817.0,766081.0,5965155.0,368769.0
2011-02,5327798.0,375494.0,1187548.0,1470045.0,,1472588.0,1127162.0,454810.0,1612035.0,1010712.0,7535609.0,997320.0,650544.0,4076420.0,3371613.0,6004145.0,2446426.0,346776.0,193007.0,733703.0,6056112.0,4937151.0,1759578.0,352820.0,29797949.0,152419.0,343917.0,627400.0,5549334.0,390647.0
2011-03,7795102.0,496801.0,1319910.0,1817301.0,,1758314.0,1389613.0,496493.0,1861013.0,1209727.0,8341203.0,1149663.0,722771.0,4748866.0,4003547.0,6640925.0,2752808.0,426892.0,171583.0,828446.0,8750446.0,7286617.0,2142533.0,458544.0,36099866.0,197118.0,380367.0,739546.0,6144432.0,508485.0
2011-04,7950143.0,623599.0,1477450.0,2090964.0,,2024444.0,1588876.0,521803.0,2133379.0,1136149.0,8823587.0,1198877.0,761941.0,4705450.0,4459807.0,6929639.0,2700037.0,436936.0,191582.0,825430.0,9285676.0,7439218.0,2326428.0,711934.0,38035760.0,243986.0,416499.0,785338.0,6407836.0,510925.0
2011-05,8134456.0,617280.0,1492309.0,2845987.0,,2138625.0,1654166.0,557936.0,2182050.0,1163123.0,8572551.0,1231402.0,785331.0,5119091.0,4838551.0,6664871.0,2780856.0,446071.0,222883.0,910161.0,9652319.0,7607563.0,2656502.0,900582.0,40046516.0,261575.0,415371.0,793849.0,6106935.0,526893.0
2011-06,8525994.0,581967.0,1643254.0,2893798.0,,2119359.0,1653481.0,572717.0,2220037.0,1176593.0,8970235.0,1267721.0,799650.0,5064922.0,4830311.0,6889719.0,2741472.0,468070.0,213219.0,934875.0,9999241.0,7949491.0,2610274.0,891280.0,40839556.0,252658.0,437262.0,841029.0,6317002.0,576503.0
2011-07,7381530.0,550076.0,1885300.0,2635031.0,,2031885.0,1575395.0,609275.0,2186449.0,1206640.0,9521694.0,1273240.0,827454.0,5230789.0,4780086.0,7205906.0,2683697.0,445785.0,213597.0,875673.0,8775132.0,6861210.0,2593637.0,843527.0,39832282.0,242892.0,430489.0,818415.0,6596631.0,520320.0
2011-08,7817300.0,568544.0,1630728.0,2587570.0,,2108857.0,1623031.0,588790.0,2143961.0,1307430.0,8791894.0,1315531.0,830606.0,5185579.0,4565973.0,6735484.0,2713286.0,484925.0,221750.0,963304.0,9128937.0,7269342.0,2422011.0,743093.0,39541248.0,264076.0,425682.0,872888.0,6146694.0,547958.0
2011-09,7391150.0,591139.0,1607117.0,2509177.0,,2196917.0,1710559.0,551685.0,2195804.0,1331672.0,8855161.0,1296224.0,836429.0,4938294.0,4577586.0,6837738.0,2691728.0,459795.0,210104.0,1002971.0,8539680.0,6861948.0,2381782.0,557391.0,38877263.0,276254.0,410306.0,937852.0,6286053.0,529202.0
2011-10,7074720.0,701500.0,1514213.0,2355982.0,,2199104.0,1717858.0,549665.0,2275948.0,1277407.0,8626381.0,1303926.0,809309.0,4943186.0,4718435.0,6688388.0,2754595.0,494617.0,201611.0,913216.0,8271925.0,6567529.0,2442487.0,495705.0,38203872.0,279635.0,423780.0,839716.0,6138723.0,507191.0
2011-11,7145983.0,865953.0,1482773.0,2310215.0,,2459017.0,1922695.0,522010.0,2492249.0,1472708.0,8436110.0,1340173.0,816810.0,4772516.0,5197908.0,6528498.0,2822906.0,523363.0,258719.0,920817.0,8427231.0,6659747.0,2705659.0,415295.0,39174736.0,277603.0,424838.0,1015135.0,6006489.0,486236.0
2011-12,6412971.0,572766.0,2311852.0,1893613.0,,3746307.0,2794564.0,549846.0,3596443.0,2412576.0,10482353.0,1543037.0,919002.0,4716384.0,6913140.0,7600044.0,3269688.0,624035.0,606497.0,1187508.0,7366402.0,6002112.0,3316697.0,380665.0,45089701.0,345246.0,570457.0,1558694.0,7050198.0,410858.0
2012-01,5911002.0,451962.0,1106116.0,1522381.0,,1585810.0,1239394.0,495688.0,1793971.0,1086167.0,7808115.0,1104148.0,706286.0,4480094.0,3868951.0,6343564.0,2619909.0,397862.0,163294.0,761005.0,6667592.0,5500583.0,2074980.0,304628.0,32299560.0,183121.0,358435.0,795389.0,5847876.0,410419.0
2012-02,6150260.0,408925.0,1239021.0,1546316.0,,1589991.0,1212853.0,475684.0,1716233.0,962570.0,7827320.0,1044272.0,660427.0,4479360.0,3684187.0,6207180.0,2546915.0,383845.0,216976.0,761195.0,6941878.0,5714832.0,1967954.0,382693.0,32037162.0,160163.0,381118.0,653159.0,5731496.0,435428.0
2012-03,8136243.0,516599.0,1478627.0,1877999.0,,1968135.0,1546877.0,538137.0,2036958.0,1117089.0,8888180.0,1195315.0,756592.0,4898481.0,4376003.0,6994091.0,2726010.0,438723.0,193052.0,865492.0,9182645.0,7597527.0,2339045.0,529802.0,37882518.0,228207.0,415462.0,787169.0,6455954.0,538717.0
2012-04,8185287.0,611173.0,1407519.0,2169876.0,,1975494.0,1548298.0,517996.0,2109026.0,982679.0,8248703.0,1154199.0,729419.0,4848132.0,4562789.0,6416644.0,2663888.0,424780.0,188566.0,827764.0,9542281.0,7642949.0,2453764.0,745821.0,37740840.0,238629.0,424539.0,765035.0,5898649.0,542338.0
2012-05,9178984.0,630291.0,1633772.0,2942469.0,,2293414.0,1769947.0,578046.0,2222545.0,1022865.0,9206142.0,1245820.0,793715.0,5192181.0,5192910.0,7122020.0,2854536.0,452104.0,250570.0,964880.0,10797853.0,8609877.0,2970365.0,988578.0,42558147.0,272897.0,450350.0,845077.0,6543974.0,569107.0
2012-06,8625109.0,564002.0,1817373.0,2799327.0,,2246822.0,1762454.0,584424.0,2202068.0,1083107.0,9606385.0,1278582.0,817202.0,5081561.0,4972552.0,7332120.0,2787409.0,461380.0,230992.0,996087.0,10052437.0,8072438.0,2770484.0,863326.0,41765337.0,253375.0,456892.0,861068.0,6747696.0,552671.0
2012-07,8051518.0,566477.0,1770311.0,2676441.0,,1978106.0,1531443.0,607551.0,2167720.0,1049049.0,9098858.0,1312611.0,836721.0,5206077.0,4834287.0,6883810.0,2759160.0,475889.0,216357.0,897765.0,9485690.0,7508213.0,2666567.0,867695.0,40117110.0,230306.0,444737.0,819066.0,6276259.0,543305.0
2012-08,8331180.0,582362.0,1813779.0,2593227.0,,2187271.0,1690339.0,606247.0,2194304.0,1186224.0,9407420.0,1350929.0,858705.0,5394367.0,4849611.0,7142246.0,2818496.0,492224.0,234992.0,978931.0,9622986.0,7800844.0,2655307.0,709444.0,41307128.0,261940.0,451396.0,917667.0,6535999.0,530336.0
2012-09,7488732.0,539507.0,1597239.0,2387739.0,,2234062.0,1750854.0,572357.0,2211527.0,1161284.0,8961423.0,1302648.0,852026.0,5094028.0,4668908.0,6931362.0,2710254.0,450623.0,204495.0,1033127.0,8561430.0,7003039.0,2457381.0,533191.0,39060675.0,278713.0,432822.0,945772.0,6359005.0,485692.0
2012-10,7831148.0,769368.0,1501847.0,2448175.0,,2248762.0,1761682.0,550696.0,2200052.0,1082781.0,8664553.0,1299799.0,790588.0,5153759.0,4828874.0,6718850.0,2883270.0,509211.0,199763.0,978827.0,9097082.0,7329752.0,2628822.0,496566.0,39497273.0,287317.0,443857.0,811391.0,6168153.0,501396.0
2012-11,7428077.0,797441.0,1637386.0,2248336.0,,2491506.0,1941028.0,522811.0,2461745.0,1374994.0,8937871.0,1415471.0,834151.0,4821564.0,5313063.0,6853544.0,2918548.0,581320.0,277694.0,951175.0,8641040.0,6944595.0,2851317.0,415522.0,40090004.0,272784.0,446941.0,976436.0,6330734.0,483482.0
2012-12,6008152.0,535227.0,2172812.0,1765840.0,,3637361.0,2704488.0,533480.0,3396305.0,2018064.0,10118206.0,1520306.0,887797.0,4714623.0,6787479.0,7363587.0,3354267.0,632508.0,595257.0,1147426.0,6905451.0,5603639.0,3391174.0,362071.0,43444637.0,337616.0,581807.0,1475614.0,6830108.0,404513.0
2013-01,6090618.0,479718.0,1221383.0,1580000.0,,1656403.0,1304192.0,484874.0,1776467.0,1025682.0,8255627.0,1173087.0,738714.0,4612736.0,3962897.0,6647893.0,2779072.0,434374.0,160160.0,860487.0,6922228.0,5635953.0,2186431.0,351893.0,33607336.0,192052.0,386351.0,779115.0,6163019.0,454665.0
2013-02,6018774.0,407186.0,1252626.0,1466567.0,,1539810.0,1184178.0,460915.0,1679728.0,872855.0,7804992.0,1010311.0,640673.0,4532790.0,3708450.0,6157510.0,2552678.0,369637.0,191799.0,796899.0,6785456.0,5592348.0,2028722.0,359496.0,31686766.0,163833.0,394856.0,615958.0,5696594.0,426426.0
2013-03,7911641.0,493899.0,1528694.0,1761502.0,,1948462.0,1553500.0,527846.0,2001455.0,1035137.0,8977132.0,1190931.0,757475.0,5003317.0,4357888.0,6986498.0,2808378.0,433456.0,181445.0,896549.0,8917765.0,7397419.0,2356433.0,512224.0,37632780.0,213517.0,461941.0,735719.0,6458652.0,514222.0
2013-04,9376380.0,674903.0,1380141.0,2249943.0,,2055735.0,1609746.0,514517.0,1980934.0,999135.0,8372165.0,1213040.0,771253.0,4681982.0,4605509.0,6545089.0,2840676.0,441787.0,195516.0,930769.0,10775375.0,8782673.0,2624575.0,724092.0,39504016.0,250473.0,446935.0,779689.0,6030573.0,593707.0
2013-05,9954644.0,700246.0,1783793.0,3023211.0,,2379102.0,1857578.0,583006.0,2213119.0,1018205.0,9576766.0,1311980.0,840255.0,5291049.0,5412378.0,7290830.0,3022220.0,471724.0,238769.0,1055810.0,11757311.0,9357139.0,3199260.0,1102422.0,44707357.0,282754.0,502142.0,859326.0,6707824.0,597506.0
2013-06,9216610.0,579290.0,1737008.0,2749101.0,,2173036.0,1705426.0,576955.0,2162281.0,1027534.0,9263881.0,1289308.0,832334.0,5280089.0,5080704.0,7031070.0,2856880.0,456974.0,225111.0,1013767.0,10723898.0,8636379.0,2918423.0,927998.0,42299543.0,242498.0,495802.0,841345.0,6454115.0,580230.0
2013-07,9087250.0,631753.0,1796789.0,2793667.0,,2061276.0,1626944.0,614253.0,2118636.0,1044086.0,9175373.0,1338076.0,858570.0,5649077.0,5098954.0,6880972.0,2903801.0,479506.0,204831.0,999150.0,10679936.0,8468548.0,2980319.0,960934.0,42565931.0,229500.0,497612.0,822533.0,6266719.0,618702.0
2013-08,8794490.0,618507.0,1956928.0,2723705.0,,2371097.0,1856995.0,615209.0,2192126.0,1145971.0,9866857.0,1376837.0,880471.0,5631443.0,5090677.0,7393594.0,2934861.0,496365.0,228191.0,1081706.0,10212058.0,8200995.0,2898551.0,799061.0,43391178.0,285910.0,516335.0,955966.0,6778384.0,593495.0
2013-09,8302457.0,615216.0,1585427.0,2511983.0,,2257090.0,1781606.0,569575.0,2151063.0,1104715.0,8687511.0,1325723.0,844089.0,5270467.0,4786142.0,6632132.0,2845965.0,481634.0,206327.0,1089489.0,9485788.0,7751083.0,2635079.0,568115.0,40327899.0,269156.0,469951.0,963028.0,6062557.0,551373.0
2013-10,8646293.0,820838.0,1596557.0,2551868.0,,2343316.0,1860767.0,567670.0,2213428.0,1090113.0,9145984.0,1326334.0,820373.0,5272769.0,5070200.0,7037089.0,3083514.0,505961.0,197008.0,1019712.0,9986667.0,8059918.0,2856773.0,519536.0,41747250.0,285542.0,512339.0,856772.0,6469419.0,586375.0
2013-11,7859315.0,892805.0,1690799.0,2286635.0,,2724563.0,2148094.0,514586.0,2605067.0,1384461.0,9126772.0,1437113.0,859043.0,5108645.0,5610568.0,6927114.0,3116430.0,578071.0,275559.0,1006963.0,9181427.0,7331737.0,3005501.0,429307.0,42062766.0,300911.0,508859.0,1079188.0,6412528.0,527577.0
2013-12,6659934.0,600844.0,2100878.0,1714428.0,,3724286.0,2806867.0,535858.0,3389759.0,1943109.0,9872627.0,1445638.0,843910.0,5228680.0,7038682.0,7128192.0,3583532.0,601727.0,570310.0,1196464.0,7658903.0,6214459.0,3648923.0,398126.0,44940706.0,347109.0,643557.0,1534357.0,6592334.0,445474.0
2014-01,6519355.0,508591.0,1291046.0,1593554.0,,1660146.0,1294995.0,498690.0,1821539.0,987702.0,8450543.0,1131332.0,711842.0,5148651.0,4258843.0,6753706.0,2887713.0,419490.0,169645.0,887076.0,7382520.0,6040826.0,2437304.0,354573.0,35181491.0,195506.0,405790.0,793411.0,6255016.0,478529.0
2014-02,6404038.0,443984.0,1283400.0,1457890.0,,1591237.0,1217786.0,467742.0,1720302.0,866719.0,7889052.0,1016935.0,636846.0,4939482.0,3923358.0,6179931.0,2747224.0,380089.0,213723.0,826020.0,7226403.0,5943718.0,2203055.0,378380.0,33120378.0,159729.0,425721.0,636059.0,5712190.0,460320.0
2014-03,8559982.0,526164.0,1437534.0,1754666.0,,1879793.0,1486902.0,527626.0,1983998.0,1033917.0,8723746.0,1219998.0,760238.0,5430468.0,4504875.0,6804024.0,2993650.0,459760.0,191473.0,888606.0,9585049.0,7977348.0,2520878.0,498902.0,38764006.0,201418.0,482188.0,749239.0,6276398.0,582634.0
2014-04,10084939.0,727415.0,1550368.0,2188354.0,,2126426.0,1676229.0,546452.0,2125947.0,1007251.0,8924756.0,1222827.0,768176.0,5351013.0,5011732.0,6857385.0,3048703.0,454651.0,191955.0,911850.0,11533638.0,9444509.0,2885785.0,721284.0,42142874.0,258242.0,517003.0,816324.0,6310933.0,640430.0
2014-05,10642736.0,738246.0,1801758.0,3111934.0,,2465343.0,1918536.0,614131.0,2291391.0,1008379.0,9771693.0,1374503.0,871829.0,5788167.0,5682046.0,7422404.0,3117527.0,502674.0,244785.0,1117126.0,12398459.0,10013648.0,3390655.0,1017478.0,46760489.0,302021.0,547531.0,925311.0,6808273.0,629088.0
2014-06,9693966.0,633691.0,1804366.0,2934572.0,,2298979.0,1819821.0,614446.0,2265860.0,1002017.0,9458523.0,1319262.0,831818.0,5795082.0,5509504.0,7138103.0,2987269.0,487444.0,220914.0,1075494.0,11282692.0,9069962.0,3243644.0,955036.0,44550964.0,258244.0,516055.0,887571.0,6523657.0,624004.0
2014-07,10173648.0,674725.0,1950994.0,2987685.0,,2198898.0,1733468.0,659884.0,2203964.0,1038392.0,9834041.0,1458448.0,926452.0,5969438.0,5385005.0,7350026.0,3086889.0,531996.0,216296.0,1032852.0,11799450.0,9539462.0,3181041.0,951077.0,45699406.0,249133.0,533021.0,908310.0,6690142.0,634186.0
2014-08,9399723.0,615549.0,1921169.0,2670478.0,,2460082.0,1927296.0,658627.0,2297656.0,1168554.0,9878846.0,1446653.0,944734.0,5822888.0,5378929.0,7430116.0,3027515.0,501919.0,232337.0,1112561.0,10800495.0,8814344.0,3081273.0,785223.0,44765234.0,300449.0,527562.0,998234.0,6771489.0,585380.0
2014-09,9774235.0,679459.0,1635315.0,2617424.0,,2356471.0,1871784.0,611431.0,2215019.0,1184054.0,9158807.0,1429570.0,895705.0,5442694.0,5053141.0,7028170.0,3008544.0,533864.0,204632.0,1094720.0,11098717.0,9165251.0,2838122.0,645023.0,43448141.0,280055.0,495322.0,1003999.0,6416739.0,608984.0
2014-10,9517321.0,857142.0,1690158.0,2652703.0,,2462818.0,1956629.0,609729.0,2293589.0,1146707.0,9674047.0,1393810.0,853606.0,5393778.0,5334749.0,7455645.0,3216691.0,540204.0,209561.0,1084298.0,10976555.0,8908902.0,3041160.0,602093.0,44236013.0,296628.0,528245.0,899857.0,6845915.0,608419.0
2014-11,8373063.0,919322.0,1687035.0,2295498.0,,2909409.0,2305292.0,549633.0,2703647.0,1389052.0,9346703.0,1491481.0,891926.0,4946122.0,5928780.0,7141731.0,3135437.0,599555.0,272808.0,1046399.0,9752251.0,7806251.0,3225133.0,459866.0,43386732.0,331309.0,517937.0,1145601.0,6592098.0,566812.0
2014-12,7828272.0,627816.0,2277624.0,1966215.0,,3826983.0,2883418.0,589792.0,3397137.0,1979338.0,10598387.0,1600101.0,941531.0,4608630.0,7276079.0,7620816.0,3711071.0,658570.0,590698.0,1195940.0,8889529.0,7303790.0,3878943.0,433441.0,47291686.0,352868.0,699947.0,1639413.0,7031025.0,524482.0
2015-01,6747480.0,498982.0,1340847.0,1681485.0,,1812080.0,1428819.0,535555.0,1900105.0,998966.0,8932312.0,1162636.0,732600.0,4045075.0,4306981.0,7168568.0,3045500.0,430036.0,181989.0,871785.0,7609601.0,6256398.0,2406875.0,363140.0,35248015.0,201271.0,422898.0,781592.0,6633013.0,491081.0
2015-02,6771273.0,457982.0,1331137.0,1565004.0,,1676271.0,1279874.0,489586.0,1839243.0,904611.0,8152177.0,1057165.0,640400.0,4023569.0,4227696.0,6374597.0,2836075.0,416766.0,224763.0,836318.0,7676455.0,6270246.0,2388452.0,447200.0,33625076.0,171634.0,446443.0,669733.0,5885010.0,501028.0
2015-03,9382685.0,572005.0,1512743.0,1998390.0,,2079975.0,1629491.0,564705.0,1979247.0,1049417.0,8979208.0,1294039.0,801954.0,4521349.0,4641960.0,6946032.0,3218803.0,492085.0,208588.0,942475.0,10526201.0,8701578.0,2662713.0,571512.0,40025924.0,241896.0,520433.0,774107.0,6381327.0,681107.0
2015-04,10706796.0,761927.0,1587892.0,2469772.0,,2323533.0,1810710.0,585987.0,,917074.0,9179272.0,1321502.0,817607.0,4384020.0,5113479.0,7069722.0,3179564.0,503895.0,213794.0,982857.0,12248806.0,9963967.0,,780083.0,42989382.0,299029.0,521658.0,869501.0,6483735.0,742829.0
2015-05,10949390.0,696241.0,1860015.0,3396197.0,,2635218.0,2048521.0,656584.0,,936060.0,10221768.0,1450174.0,919217.0,4987070.0,5790910.0,7796692.0,3267042.0,530957.0,260814.0,1099293.0,12724542.0,10228207.0,,1078910.0,47439687.0,325883.0,565061.0,931413.0,7140108.0,721183.0
2015-06,11020596.0,671904.0,1860777.0,3180305.0,,2388627.0,1872456.0,642702.0,,1050557.0,9735294.0,1422266.0,872610.0,5161898.0,5458010.0,7330983.0,3204697.0,549656.0,238591.0,1140339.0,12717650.0,10257525.0,,1025150.0,46376329.0,277580.0,543534.0,916687.0,6688281.0,763071.0
2015-07,10867705.0,671001.0,2138494.0,3036410.0,,2414583.0,1884147.0,700085.0,,1041954.0,10349397.0,1497507.0,935059.0,5450344.0,5498159.0,7649240.0,3246742.0,562448.0,242355.0,1120349.0,12545424.0,10107245.0,,1006719.0,47151990.0,288081.0,561663.0,951119.0,6949154.0,760459.0
2015-08,10340887.0,617477.0,2047894.0,2775201.0,,2580012.0,1996913.0,683703.0,,1123681.0,9973302.0,1550636.0,977133.0,5228775.0,5311536.0,7390315.0,3146065.0,573503.0,256472.0,1165251.0,11783009.0,9582070.0,,824645.0,45655167.0,326626.0,535094.0,1017700.0,6706612.0,758817.0
2015-09,10681389.0,672702.0,1781464.0,2790388.0,,2551069.0,2008088.0,627582.0,,1159412.0,9506094.0,1507666.0,944587.0,4768346.0,5172392.0,7197181.0,3194906.0,563080.0,228460.0,1182968.0,12067500.0,9924689.0,,713409.0,44907164.0,314520.0,527449.0,1006422.0,6569599.0,756699.0
2015-10,10250474.0,839271.0,1801540.0,2755006.0,,2768478.0,2190170.0,641906.0,,1085695.0,9932569.0,1494606.0,921074.0,4734722.0,5504462.0,7567797.0,3388798.0,573532.0,233653.0,1142954.0,11716842.0,9513449.0,,627097.0,45477857.0,344655.0,563232.0,953724.0,6925891.0,737025.0
2015-11,9674562.0,859391.0,1704921.0,2512584.0,,3067159.0,2438437.0,579481.0,,1397146.0,9190709.0,1583141.0,933094.0,4389575.0,5820200.0,6942562.0,3380939.0,650047.0,290485.0,1080105.0,11020561.0,8991259.0,,486608.0,44630000.0,338237.0,543226.0,1187882.0,6363081.0,683303.0
2015-12,8747468.0,639067.0,2402108.0,2114173.0,,4181429.0,3169226.0,633066.0,,1905128.0,10890415.0,1738582.0,1001515.0,4307876.0,7212202.0,7767007.0,3887005.0,737066.0,629142.0,1274199.0,9826917.0,8127287.0,,440382.0,49078191.0,383061.0,721300.0,1740266.0,7133941.0,620180.0
2016-01,8022617.0,488937.0,1379885.0,1831579.0,,1896280.0,1482422.0,540096.0,,952873.0,9012012.0,1259676.0,806991.0,3871115.0,4437077.0,7191582.0,3465985.0,452685.0,181508.0,958033.0,8903406.0,7361540.0,,391852.0,37415147.0,232350.0,440545.0,827111.0,6651486.0,661077.0
2016-02,8519233.0,471535.0,1452444.0,1816345.0,,1875455.0,1418813.0,526628.0,,923145.0,8495125.0,1211724.0,737780.0,3662724.0,4228487.0,6564922.0,3406817.0,473944.0,247369.0,941751.0,9531673.0,7795225.0,,540906.0,36815980.0,209273.0,477759.0,722733.0,6038293.0,724007.0
2016-03,10923608.0,606325.0,1666184.0,2148912.0,,2240769.0,1772879.0,592035.0,,1079090.0,9429886.0,1293859.0,787777.0,4079684.0,4741165.0,7222146.0,3688926.0,506082.0,193580.0,1034413.0,12179687.0,10048637.0,,649754.0,42763737.0,274311.0,541556.0,847346.0,6630111.0,874971.0
2016-04,12058081.0,813505.0,1687200.0,2723583.0,,2450202.0,1894031.0,611327.0,,1027156.0,9536122.0,1462564.0,927744.0,4272260.0,5290064.0,7333441.0,3658555.0,534820.0,221497.0,1089337.0,13743178.0,11154630.0,,871592.0,46155952.0,334674.0,515481.0,902931.0,6722114.0,903451.0
2016-05,11788561.0,745721.0,1895025.0,3499524.0,,2684165.0,2087015.0,647717.0,,1001223.0,9982566.0,1456308.0,906036.0,4807144.0,5737715.0,7540938.0,3738703.0,550272.0,245868.0,1217071.0,13713256.0,10906566.0,,1178974.0,48783412.0,351283.0,546603.0,945737.0,6893222.0,881994.0
2016-06,12194556.0,695222.0,2011993.0,3304993.0,,2527312.0,1973585.0,666259.0,,1078416.0,10180253.0,1441013.0,888273.0,4975142.0,5481714.0,7610616.0,3678988.0,552740.0,243796.0,1247767.0,14042314.0,11310727.0,,1152536.0,48892480.0,309931.0,557644.0,934568.0,6944357.0,883829.0
2016-07,11103106.0,639556.0,2177616.0,3155022.0,,2527283.0,1962316.0,708571.0,,1080280.0,10584240.0,1495597.0,925802.0,5013495.0,5461613.0,7834897.0,3620748.0,569795.0,248590.0,1207240.0,12733969.0,10273027.0,,991308.0,47842336.0,316377.0,571727.0,962849.0,7126326.0,830079.0
2016-08,11579875.0,673065.0,2005938.0,3039953.0,,2635802.0,2022670.0,700099.0,,1185664.0,9947783.0,1577601.0,975024.0,4977073.0,5232686.0,7396029.0,3705491.0,602577.0,250397.0,1262708.0,13212205.0,10711316.0,,959265.0,47790528.0,362734.0,545816.0,1013562.0,6695930.0,868559.0
2016-09,11416089.0,678235.0,1844261.0,2969050.0,,2690908.0,2092616.0,664118.0,,1229521.0,9876724.0,1549169.0,963563.0,4752018.0,5121231.0,7472030.0,3620042.0,585606.0,238129.0,1288854.0,12885428.0,10592769.0,,791105.0,47059911.0,360163.0,560433.0,1076965.0,6807912.0,823320.0
2016-10,10592048.0,842121.0,1794353.0,2843383.0,,2792370.0,2181437.0,638501.0,,1075201.0,9817989.0,1529552.0,938151.0,4909117.0,5449427.0,7461335.0,3736476.0,591401.0,235022.0,1264502.0,12106179.0,9783364.0,,672009.0,46455078.0,375911.0,562301.0,930882.0,6822834.0,808684.0
2016-11,11195401.0,885511.0,1815184.0,2814682.0,,3233152.0,2526807.0,578325.0,,1416599.0,9492162.0,1699488.0,1015403.0,4614402.0,5811936.0,7123429.0,3880439.0,684085.0,310928.0,1226181.0,12668979.0,10404208.0,,588068.0,48043147.0,395417.0,553549.0,1185126.0,6545104.0,791192.0
2016-12,9012717.0,708618.0,2604902.0,2304028.0,,4233064.0,3174850.0,624135.0,,1806313.0,11546046.0,1792279.0,1050769.0,5000872.0,7237918.0,8187693.0,4352991.0,741509.0,610063.0,1409700.0,10302779.0,8337241.0,,581443.0,51693611.0,448152.0,753451.0,1707621.0,7563558.0,675476.0
2017-01,8885343.0,531598.0,1326493.0,2011575.0,,1866474.0,1439340.0,574561.0,,999921.0,8872611.0,1257047.0,819935.0,4850561.0,4429697.0,7111113.0,3656454.0,437112.0,196809.0,936156.0,9902585.0,8152970.0,,485644.0,39636308.0,230326.0,435005.0,853227.0,6536552.0,732373.0
2017-02,8575909.0,501925.0,1447389.0,1867716.0,,1898160.0,1442390.0,554445.0,,940365.0,8695740.0,1237078.0,766959.0,4419626.0,4194066.0,6773283.0,3538735.0,470119.0,232067.0,936547.0,9621067.0,7897211.0,,543233.0,38074136.0,223703.0,475068.0,725037.0,6218839.0,678698.0
2017-03,12549233.0,673108.0,1669542.0,2354043.0,,2255093.0,1753463.0,604698.0,,1200419.0,9748331.0,1458987.0,890291.0,4905820.0,4921097.0,7523928.0,3890209.0,568696.0,218610.0,1029194.0,13938543.0,11591864.0,,716202.0,46588809.0,283019.0,554860.0,887072.0,6919230.0,957369.0
2017-04,12415217.0,844163.0,1683501.0,2915135.0,,2535623.0,1920770.0,634717.0,,1098812.0,9767212.0,1444815.0,894154.0,4901008.0,5619293.0,7466032.0,3831317.0,550661.0,247257.0,1061931.0,14287828.0,11505571.0,,1028448.0,48423073.0,367596.0,617680.0,960097.0,6831315.0,909646.0
2017-05,14282423.0,916739.0,1949176.0,4031356.0,,2775341.0,2093725.0,674710.0,,1147673.0,10415709.0,1578602.0,985496.0,5266838.0,6024016.0,7857224.0,3960903.0,593106.0,310052.0,1324940.0,16562192.0,13258936.0,,1363030.0,54057557.0,371564.0,609308.0,969988.0,7182514.0,1023487.0
2017-06,13129082.0,829159.0,2139493.0,3895683.0,,2770028.0,2122298.0,707458.0,,1193682.0,10867046.0,1571373.0,976380.0,5215354.0,5942715.0,8084429.0,3879887.0,594994.0,291263.0,1324747.0,15234165.0,12128677.0,,1275924.0,52905969.0,356467.0,643124.0,1011288.0,7376971.0,1000405.0
2017-07,12072073.0,747252.0,2229883.0,3609415.0,,2655809.0,2051995.0,745602.0,,1150919.0,10952786.0,1591473.0,1004405.0,5318191.0,5802361.0,8081655.0,3787514.0,587068.0,270161.0,1214106.0,13859559.0,11161970.0,,1040233.0,50974136.0,333653.0,641248.0,1032003.0,7336053.0,910104.0
2017-08,13153802.0,791022.0,2129973.0,3468538.0,,2905339.0,2245844.0,711558.0,,1314037.0,10528908.0,1641583.0,1044269.0,5505875.0,5618388.0,7768012.0,3850450.0,597313.0,273799.0,1295572.0,14879371.0,12097403.0,,934547.0,52091210.0,385696.0,630923.0,1083149.0,7056454.0,1056399.0
2017-09,12037692.0,777115.0,1936343.0,3440362.0,,2794065.0,2179701.0,695815.0,,1330495.0,10384825.0,1637375.0,1034197.0,5328184.0,5425447.0,7815511.0,3749639.0,603178.0,265553.0,1296844.0,13602261.0,11175109.0,,787453.0,50105018.0,348811.0,632971.0,1115522.0,7119696.0,862583.0
2017-10,12663044.0,1002154.0,1805296.0,3376377.0,,2828377.0,2218988.0,691185.0,,1220445.0,9935274.0,1565709.0,970653.0,5373886.0,5781944.0,7503459.0,3971887.0,595056.0,252895.0,1256592.0,14371388.0,11750419.0,,706191.0,50626368.0,356494.0,626520.0,944488.0,6812274.0,912625.0
2017-11,11316281.0,1114686.0,1862535.0,3120733.0,,3512203.0,2731598.0,625281.0,,1847126.0,9817581.0,1743935.0,1041534.0,5424089.0,6505684.0,7326962.0,4092081.0,702400.0,341200.0,1222222.0,13102242.0,10422699.0,,671275.0,51723467.0,439405.0,628084.0,1335571.0,6701680.0,893581.0
2017-12,9394601.0,738149.0,2657107.0,2459482.0,,4272937.0,3184793.0,662012.0,,2180394.0,11927605.0,1729845.0,1035040.0,5492022.0,7337697.0,8407925.0,4262770.0,694804.0,632484.0,1419182.0,10712257.0,8672865.0,,579507.0,53621980.0,455660.0,862574.0,1827789.0,7745914.0,721736.0
2018-01,9114913.0,644320.0,1419582.0,2128143.0,,1954146.0,1517094.0,571785.0,,1270702.0,9122014.0,1341389.0,834813.0,5194752.0,4555855.0,7205325.0,3770676.0,506576.0,210108.0,966726.0,10263470.0,8338740.0,,504237.0,41445101.0,226944.0,497107.0,877229.0,6633540.0,776174.0
2018-02,8916769.0,560878.0,1470347.0,2053293.0,,1955818.0,1487041.0,549337.0,,945914.0,8792812.0,1216381.0,751273.0,4848773.0,4376170.0,6782655.0,3544218.0,465108.0,249074.0,983953.0,10018910.0,8144050.0,,541262.0,39476157.0,219704.0,539810.0,739915.0,6233318.0,772719.0
2018-03,12671465.0,698268.0,1832808.0,2481574.0,,2491383.0,1946476.0,640417.0,,1122434.0,10333984.0,1477308.0,913716.0,5257245.0,5215076.0,7833711.0,3915218.0,563593.0,246858.0,1133748.0,14109336.0,11677471.0,,739603.0,48435697.0,298049.0,667465.0,898390.0,7193294.0,993995.0
2018-04,12540602.0,900418.0,1650879.0,2958630.0,,2504346.0,1939554.0,629895.0,,1127511.0,9544760.0,1492534.0,934715.0,5313041.0,5349682.0,7309245.0,3786167.0,557820.0,232067.0,1098209.0,14479711.0,11533918.0,,1038691.0,48565856.0,332725.0,584636.0,911264.0,6679350.0,1006684.0
2018-05,14589941.0,1051615.0,2079141.0,4448950.0,,3052758.0,2339796.0,728974.0,,1121102.0,10873375.0,1599731.0,1001396.0,6187581.0,6403769.0,8121196.0,4010215.0,598335.0,313518.0,1419829.0,17096831.0,13475485.0,,1455276.0,57227355.0,399444.0,673037.0,1013214.0,7392222.0,1114456.0
2018-06,13469180.0,871551.0,2239279.0,4083225.0,,2935431.0,2271444.0,748058.0,,1179069.0,11315459.0,1565613.0,982346.0,6011433.0,6144849.0,8399934.0,3897888.0,583267.0,304708.0,1395457.0,15592392.0,12421699.0,,1251660.0,55120461.0,359279.0,676247.0,999644.0,7651876.0,1047481.0
2018-07,12202470.0,833267.0,2208467.0,3749825.0,,2814065.0,2191462.0,816957.0,,1192863.0,10954868.0,1613852.0,1032870.0,6291445.0,5892036.0,8088547.0,3769627.0,580982.0,284165.0,1333657.0,14222833.0,11178321.0,,1187096.0,52835683.0,338438.0,657854.0,1000611.0,7271590.0,1024149.0
2018-08,12894313.0,852815.0,2383370.0,3542523.0,,3115133.0,2439025.0,764483.0,,1343053.0,11250935.0,1659114.0,1057826.0,6143917.0,5831062.0,8210906.0,3950963.0,601288.0,275475.0,1408738.0,14797701.0,11849346.0,,1050573.0,54160270.0,400632.0,656659.0,1117130.0,7446424.0,1044967.0
2018-09,12125913.0,809785.0,1904117.0,3267494.0,,2923494.0,2323053.0,711662.0,,1283883.0,10768789.0,1633382.0,1041310.0,5679070.0,5692843.0,8212718.0,3860867.0,592072.0,263970.0,1325503.0,13691288.0,11205105.0,,755590.0,51234938.0,336471.0,651953.0,1108326.0,7501056.0,920808.0
2018-10,12632226.0,1136736.0,1912616.0,3330279.0,42084.0,2968535.0,2335353.0,705756.0,,1332257.0,10452450.0,1541410.0,932104.0,5821533.0,5871369.0,7863425.0,4199549.0,609306.0,262985.0,1427944.0,14510514.0,11554401.0,,741552.0,52409997.0,370197.0,676410.0,954157.0,7157669.0,1077826.0
2018-11,11432703.0,1096134.0,1991186.0,3033993.0,55396.0,3658440.0,2827809.0,667135.0,,1797074.0,10396043.0,1729524.0,1052155.0,5140770.0,6594182.0,7731907.0,4243950.0,677370.0,373870.0,1357455.0,13219959.0,10476508.0,,691122.0,52480485.0,456761.0,672950.0,1309094.0,7064772.0,956195.0
2018-12,9371664.0,691943.0,2600921.0,2438266.0,58848.0,4332837.0,3297785.0,684304.0,,1913919.0,11965814.0,1754459.0,1047331.0,4943087.0,7647537.0,8439627.0,4475997.0,707128.0,594176.0,1472523.0,10619109.0,8597661.0,,555502.0,53299810.0,440875.0,925266.0,1736262.0,7755323.0,774003.0
2019-01,9401003.0,696759.0,1493717.0,2224205.0,55451.0,2070484.0,1649322.0,582753.0,,905434.0,9826835.0,1313965.0,837699.0,4515892.0,4676431.0,7795911.0,3877253.0,476266.0,184280.0,1104350.0,10619591.0,8509008.0,,521829.0,42005090.0,236881.0,537208.0,870651.0,7213157.0,891994.0
2019-02,9248014.0,584007.0,1512503.0,1984345.0,52082.0,1982435.0,1501123.0,554385.0,,776444.0,9325503.0,1209743.0,748148.0,4362367.0,4621887.0,7269904.0,3649547.0,461595.0,260869.0,1050367.0,10344105.0,8432748.0,,512084.0,40038590.0,220443.0,543096.0,731848.0,6715519.0,815267.0
2019-03,12641546.0,741184.0,1791095.0,2553418.0,60764.0,2607030.0,2017607.0,621443.0,,991191.0,10524782.0,1521888.0,936199.0,5205087.0,5354319.0,8107629.0,4006111.0,585689.0,262163.0,1218548.0,14182467.0,11498369.0,,799736.0,49007033.0,327260.0,626058.0,842193.0,7486186.0,1143177.0
2019-04,13323237.0,981280.0,1820047.0,3038942.0,74636.0,2585627.0,2009928.0,628154.0,,997546.0,10213806.0,1510166.0,930249.0,5165899.0,5808242.0,7739665.0,3957803.0,579918.0,256220.0,1216068.0,15334762.0,12180898.0,,1030246.0,50761198.0,319480.0,654093.0,932335.0,7111511.0,1142339.0
2019-05,14886191.0,1016674.0,2174573.0,4293505.0,85946.0,2987065.0,2298252.0,692372.0,,1054521.0,11254088.0,1675514.0,1068874.0,5959594.0,6504394.0,8410205.0,4133582.0,606640.0,327570.0,1548364.0,17333614.0,13645800.0,,1430749.0,57706834.0,361242.0,669311.0,962591.0,7717833.0,1240391.0
2019-06,12715666.0,859731.0,2212675.0,4190474.0,91692.0,3029306.0,2374882.0,708567.0,,1031552.0,11263887.0,1592083.0,1014398.0,5524970.0,6476427.0,8365872.0,3820366.0,577685.0,292409.0,1542223.0,14818169.0,11622830.0,,1242772.0,54274479.0,362016.0,685341.0,985020.0,7657305.0,1092836.0
2019-07,13156946.0,858660.0,2305863.0,3981032.0,106064.0,2802985.0,2221140.0,732838.0,,1065031.0,11329980.0,1667644.0,1063700.0,5834287.0,6156607.0,8324322.0,4089025.0,603944.0,258200.0,1513228.0,15186500.0,12038881.0,,1170894.0,54613897.0,323646.0,699795.0,987578.0,7591484.0,1118065.0
2019-08,12886878.0,820745.0,2407024.0,3436181.0,125954.0,3200114.0,2485567.0,718547.0,,1227200.0,11671040.0,1726488.0,1104066.0,5702523.0,6156765.0,8535031.0,3991830.0,622422.0,298437.0,1601975.0,14743210.0,11872951.0,,1035587.0,54567305.0,416109.0,728985.0,1109979.0,7816484.0,1013927.0
2019-09,12469695.0,843138.0,1928228.0,3400549.0,122927.0,2868751.0,2269240.0,662270.0,,1135677.0,10423819.0,1612919.0,1035066.0,5290783.0,5782632.0,7836691.0,3877343.0,577853.0,259131.0,1487030.0,14112061.0,11456021.0,,799228.0,51073691.0,340380.0,658900.0,1082127.0,7174422.0,1013674.0
2019-10,12432496.0,1138897.0,1968146.0,3377133.0,129980.0,3079569.0,2440673.0,654668.0,,1109898.0,10795197.0,1579099.0,981845.0,5496434.0,6189467.0,8134834.0,4050216.0,597254.0,286517.0,1537688.0,14297923.0,11395820.0,,726530.0,52425670.0,352379.0,692217.0,913047.0,7480166.0,1036676.0
2019-11,11683891.0,1106271.0,2048391.0,3073874.0,136775.0,3705386.0,2894949.0,604756.0,,1621848.0,10856595.0,1718198.0,1045815.0,5154495.0,6873962.0,8108326.0,3979236.0,672382.0,371120.0,1474163.0,13520383.0,10682460.0,,730221.0,53177952.0,439317.0,699878.0,1199814.0,7503570.0,1001431.0
2019-12,9784121.0,688167.0,2611568.0,2642116.0,147885.0,4422949.0,3353579.0,659166.0,,1815677.0,12044641.0,1785477.0,1087703.0,5019485.0,7700365.0,8545154.0,4545163.0,697774.0,624736.0,1692623.0,11009821.0,8956186.0,,537533.0,54328294.0,444634.0,887918.0,1649979.0,7885988.0,827935.0
2020-01,9787133.0,664030.0,1604299.0,2299957.0,154077.0,2130674.0,1684782.0,605099.0,,977307.0,10093211.0,1348369.0,874733.0,4948482.0,4859516.0,7948890.0,3929109.0,473635.0,228975.0,1282351.0,10952952.0,8914854.0,,501789.0,43646873.0,216917.0,540021.0,824945.0,7343791.0,872279.0
2020-02,9940504.0,612178.0,1638465.0,2165609.0,151930.0,2059823.0,1598184.0,578712.0,,858378.0,9969878.0,1333667.0,866288.0,4667287.0,5005365.0,7752114.0,3827333.0,467379.0,252268.0,1198111.0,11105204.0,9046774.0,,552522.0,42981961.0,209371.0,579300.0,791305.0,7173401.0,893730.0
2020-03,8068829.0,680772.0,1956963.0,2655981.0,181180.0,1194553.0,927437.0,632189.0,,938044.0,12448924.0,1101736.0,689823.0,4112608.0,5686954.0,9792511.0,4232710.0,411913.0,138738.0,1286076.0,9332191.0,7310739.0,,582590.0,43641006.0,128378.0,699449.0,651229.0,9160323.0,758091.0
2020-04,4746197.0,718632.0,1911359.0,2692589.0,178429.0,394879.0,269805.0,696986.0,,842452.0,11656483.0,562455.0,330489.0,2704925.0,5273350.0,9108715.0,3506365.0,231967.0,52755.0,947633.0,5959338.0,4337190.0,,494510.0,34869392.0,72319.0,636409.0,328924.0,8411729.0,409007.0
2020-05,8801298.0,930038.0,2237936.0,4108803.0,186353.0,959953.0,717062.0,836289.0,,984435.0,12628827.0,987922.0,661103.0,3635432.0,7147713.0,9653571.0,3781828.0,326820.0,95176.0,1417724.0,10982201.0,7926049.0,,1250865.0,47342177.0,147715.0,737321.0,707340.0,8817281.0,875250.0
2020-06,12768289.0,956943.0,2388082.0,4938366.0,201105.0,2219415.0,1731061.0,781784.0,,1132633.0,12308206.0,1619025.0,1112609.0,4465242.0,7192685.0,9162940.0,4169353.0,506417.0,183169.0,1644020.0,15490928.0,11669966.0,,1765697.0,56342104.0,305185.0,757184.0,1162230.0,8381156.0,1098323.0
2020-07,13111286.0,926598.0,2640126.0,4268811.0,232689.0,2483202.0,1909365.0,814741.0,,1213798.0,12812409.0,1760939.0,1179648.0,4953992.0,6926285.0,9393927.0,4235363.0,581292.0,254777.0,1750963.0,15726106.0,11892437.0,,1688222.0,57254433.0,319060.0,778356.0,1122564.0,8579186.0,1218849.0
2020-08,12926079.0,843241.0,2392769.0,4049075.0,251663.0,2659708.0,2027045.0,758123.0,,1305212.0,12104254.0,1723762.0,1134010.0,4880323.0,6483395.0,8999252.0,3987018.0,589752.0,289059.0,1833141.0,14950900.0,11819829.0,,1181581.0,55127885.0,343604.0,712233.0,1151096.0,8241129.0,1106249.0
2020-09,13723310.0,935244.0,2179370.0,4223415.0,256312.0,2537810.0,1962069.0,722734.0,,1321470.0,11632896.0,1801594.0,1192138.0,4627215.0,6350579.0,8744150.0,4142295.0,609457.0,257294.0,1789532.0,15644213.0,12597467.0,,985659.0,55166045.0,318447.0,709377.0,1095025.0,8021415.0,1125843.0
